-- Your SQL goes here
CREATE TABLE `digimon` (
    `Name` VARCHAR(1024),
    `Stage` VARCHAR(1024),
    `Type` VARCHAR(1024),
    `Attribute` VARCHAR(1024),
    `Memory` BIGINT,
    `Equip Slots` BIGINT,
    `HP lvl 1` BIGINT,
    `SP lvl 1` BIGINT,
    `ATK lvl 1` BIGINT,
    `DEF lvl 1` BIGINT,
    `INT lvl 1` BIGINT,
    `SPD lvl 1` BIGINT,
    `HP lvl 50` BIGINT,
    `SP lvl 50` BIGINT,
    `ATK lvl 50` BIGINT,
    `DEF lvl 50` BIGINT,
    `INT lvl 50` BIGINT,
    `SPD lvl 50` BIGINT,
    `HP lvl 99` BIGINT,
    `SP lvl 99` BIGINT,
    `ATK lvl 99` BIGINT,
    `DEF lvl 99` BIGINT,
    `INT lvl 99` BIGINT,
    `SPD lvl 99` BIGINT,

    PRIMARY KEY (`Name`)
);

CREATE TABLE `digivolutions` (
    `Digimon From` VARCHAR(1024),
    `Digimon To` VARCHAR(1024),

    PRIMARY KEY (`Digimon From`, `Digimon To`)
);

CREATE TABLE `digivolution_requirements` (
    `Name` VARCHAR(1024),
    `Level` BIGINT,
    `HP` VARCHAR(1024) NULL,
    `SP` VARCHAR(1024) NULL,
    `ATK` VARCHAR(1024) NULL,
    `DEF` VARCHAR(1024) NULL,
    `INT` VARCHAR(1024) NULL,
    `SPD` VARCHAR(1024) NULL,
    `ABI` VARCHAR(1024) NULL,
    `CAM` VARCHAR(1024) NULL,
    `Extra Condition` VARCHAR(1024) NULL,

    PRIMARY KEY (`Name`)
);

INSERT INTO `digimon` (`Name`,`Stage`,`Type`,`Attribute`,`Memory`,`Equip Slots`,`HP lvl 1`,`SP lvl 1`,`ATK lvl 1`,`DEF lvl 1`,`INT lvl 1`,`SPD lvl 1`,`HP lvl 50`,`SP lvl 50`,`ATK lvl 50`,`DEF lvl 50`,`INT lvl 50`,`SPD lvl 50`,`HP lvl 99`,`SP lvl 99`,`ATK lvl 99`,`DEF lvl 99`,`INT lvl 99`,`SPD lvl 99`)
VALUES
('Kuramon','Baby','Free','Neutral',2,0,150,24,30,20,19,32,590,77,79,69,68,95,1030,131,128,118,117,159),
('Pabumon','Baby','Free','Neutral',2,0,320,18,23,23,20,24,950,62,76,76,69,68,1590,106,130,130,118,112),
('Punimon','Baby','Free','Neutral',2,0,290,11,34,29,11,26,870,50,97,87,50,75,1460,89,161,146,89,124),
('Botamon','Baby','Free','Neutral',2,0,200,19,24,32,23,22,690,68,77,95,76,61,1180,117,131,159,130,100),
('Poyomon','Baby','Free','Neutral',2,0,150,35,15,15,32,28,540,98,54,59,95,86,930,162,93,103,159,145),
('Arcadiamon In-Tr.','In-Training','Free','Dark',3,0,330,22,47,15,18,35,720,85,86,59,81,93,1110,149,125,103,145,152),
('Koromon','In-Training','Free','Fire',3,0,360,13,46,35,13,27,940,52,109,93,52,76,1530,91,173,152,91,125),
('Tanemon','In-Training','Free','Plant',3,0,400,20,32,29,24,25,1030,64,85,82,73,69,1670,108,139,136,122,113),
('Tsunomon','In-Training','Free','Earth',3,0,350,15,44,34,15,27,930,54,107,92,54,76,1520,93,171,151,93,125),
('Tsumemon','In-Training','Free','Dark',3,0,350,20,45,20,15,35,930,64,108,64,54,93,1520,108,172,108,93,152),
('Tokomon','In-Training','Free','Neutral',3,0,200,33,27,25,25,40,640,86,76,74,74,103,1080,140,125,123,123,167),
('Nyaromon','In-Training','Free','Light',3,0,150,44,15,20,40,36,540,107,54,64,103,94,930,171,93,108,167,153),
('Pagumon','In-Training','Free','Dark',3,0,160,40,21,19,39,35,550,103,60,63,102,93,940,167,99,107,166,152),
('Yokomon','In-Training','Free','Plant',3,0,410,20,29,29,26,25,1040,64,82,82,75,69,1680,108,136,136,124,113),
('Bukamon','In-Training','Free','Water',3,0,300,35,15,25,40,25,830,93,54,74,103,69,1370,152,93,123,167,113),
('Motimon','In-Training','Free','Neutral',3,0,400,19,29,28,29,25,1030,63,82,81,78,69,1670,107,136,135,127,113),
('Wanyamon','In-Training','Free','Wind',3,0,300,29,30,26,26,29,830,82,79,75,75,82,1370,136,128,124,124,136),
('Agumon','Rookie','Vaccine','Fire',5,1,450,20,68,45,15,37,1030,59,131,103,54,86,1620,98,195,162,93,135),
('Agumon (Blk)','Rookie','Virus','Fire',5,1,440,17,61,50,17,36,1020,56,124,108,56,85,1610,95,188,167,95,134),
('Arcadiamon Rookie','Rookie','Virus','Dark',5,1,420,33,56,30,36,33,950,86,105,79,85,86,1490,140,154,128,134,140),
('Armadillomon','Rookie','Free','Earth',4,1,530,32,23,48,21,33,1160,85,67,111,65,72,1800,139,111,175,109,111),
('Impmon','Rookie','Virus','Dark',5,1,140,51,44,21,51,44,530,114,83,65,114,102,920,178,122,109,178,161),
('Elecmon','Rookie','Data','Electric',4,1,400,40,33,30,30,37,930,93,82,79,79,90,1470,147,131,128,128,144),
('Otamamon','Rookie','Virus','Water',4,1,400,47,13,26,50,34,930,105,52,75,113,78,1470,164,91,124,177,122),
('Gaomon','Rookie','Data','Neutral',5,1,450,25,55,30,27,43,1030,69,118,74,66,101,1620,113,182,118,105,160),
('Gazimon','Rookie','Virus','Dark',4,1,390,27,60,20,20,44,970,71,123,64,59,102,1560,115,187,108,98,161),
('Gabumon','Rookie','Data','Fire',5,1,450,35,45,32,30,38,980,88,94,81,79,91,1520,142,143,130,128,145),
('Gabumon (Blk)','Rookie','Virus','Fire',5,1,420,30,50,40,25,38,950,83,99,89,74,91,1490,137,148,138,123,145),
('Guilmon','Rookie','Virus','Fire',5,1,470,25,70,30,15,43,1050,69,133,74,54,101,1640,113,197,118,93,160),
('Kudamon','Rookie','Vaccine','Light',5,1,200,65,14,30,54,47,590,128,53,74,117,105,980,192,92,118,181,164),
('Keramon','Rookie','Free','Dark',5,1,450,30,60,25,22,43,1030,74,123,69,61,101,1620,118,187,113,100,160),
('Gotsumon','Rookie','Data','Earth',5,1,300,30,40,55,37,33,790,79,93,118,90,72,1280,128,147,182,144,111),
('Goblimon','Rookie','Virus','Earth',4,1,470,12,52,52,12,35,1050,51,115,110,51,84,1640,90,179,169,90,133),
('Gomamon','Rookie','Vaccine','Water',5,1,530,25,40,40,32,35,1160,69,93,93,81,79,1800,113,147,147,130,123),
('Syakomon','Rookie','Virus','Water',4,1,340,42,14,37,49,34,870,100,53,86,112,78,1410,159,92,135,176,122),
('Zubamon','Rookie','Vaccine','Neutral',5,1,430,18,63,53,15,38,1010,57,126,111,54,87,1600,96,190,170,93,136),
('Solarmon','Rookie','Vaccine','Light',4,1,400,35,25,45,27,38,1030,88,69,108,71,77,1670,142,113,172,115,116),
('Chuumon','Rookie','Virus','Earth',4,1,260,38,38,24,36,48,700,91,87,73,85,111,1140,145,136,122,134,175),
('Terriermon','Rookie','Vaccine','Wind',4,1,250,40,35,26,35,49,690,93,84,75,84,112,1130,147,133,124,133,176),
('Tentomon','Rookie','Vaccine','Plant',4,1,260,30,33,47,40,34,750,79,86,110,93,73,1240,128,140,174,147,112),
('ToyAgumon','Rookie','Vaccine','Neutral',4,1,480,34,28,49,19,32,1110,87,72,112,63,71,1750,141,116,176,107,110),
('Dracmon','Rookie','Virus','Dark',5,1,380,32,55,25,30,45,870,81,108,88,83,84,1360,130,162,152,137,123),
('Dracomon','Rookie','Data','Fire',5,1,400,30,69,31,10,50,980,69,132,89,49,99,1570,108,196,148,88,148),
('Dorumon','Rookie','Data','Neutral',5,1,440,21,65,35,17,43,1020,65,128,79,56,101,1610,109,192,123,95,160),
('Hagurumon','Rookie','Virus','Electric',4,1,460,38,22,47,25,32,1090,91,66,110,69,71,1730,145,110,174,113,110),
('Patamon','Rookie','Data','Wind',4,1,350,40,30,25,43,37,880,93,79,74,92,90,1420,147,128,123,141,144),
('Hackmon','Rookie','Data','Fire',5,1,450,20,55,50,24,36,1030,59,118,108,63,85,1620,98,182,167,102,134),
('Palmon','Rookie','Data','Plant',5,1,510,21,50,37,31,35,1140,65,103,90,80,79,1780,109,157,144,129,123),
('DemiDevimon','Rookie','Virus','Dark',4,1,210,34,40,27,40,48,650,87,89,76,89,111,1090,141,138,125,138,175),
('Biyomon','Rookie','Vaccine','Wind',4,1,300,40,36,30,36,38,830,93,85,79,85,91,1370,147,134,128,134,145),
('Falcomon','Rookie','Vaccine','Wind',5,1,300,40,45,30,30,50,740,93,94,79,79,113,1180,147,143,128,128,177),
('FanBeemon','Rookie','Virus','Plant',4,1,280,30,41,28,34,49,860,69,104,86,73,98,1450,108,168,145,112,147),
('Veemon','Rookie','Free','Neutral',5,1,460,30,67,30,14,43,1040,74,130,74,53,101,1630,118,194,118,92,160),
('Salamon','Rookie','Vaccine','Light',4,1,150,55,20,25,56,39,540,118,59,69,119,97,930,182,98,113,183,156),
('Betamon','Rookie','Virus','Water',4,1,340,43,22,27,50,34,870,101,61,76,113,78,1410,160,100,125,177,122),
('Hawkmon','Rookie','Free','Wind',5,1,250,35,50,30,34,51,690,88,99,79,83,114,1130,142,148,128,132,178),
('Mushroomon','Rookie','Virus','Plant',4,1,480,20,43,35,30,34,1110,64,96,88,79,78,1750,108,150,142,128,122),
('Monodramon','Rookie','Vaccine','Neutral',4,1,460,15,65,42,12,30,1040,54,128,100,51,79,1630,93,192,159,90,128),
('Lalamon','Rookie','Data','Plant',4,1,470,30,34,34,30,35,1100,74,87,87,79,79,1740,118,141,141,128,123),
('Lucemon','Rookie','Vaccine','Light',14,1,700,90,20,55,145,75,1230,148,59,104,208,119,1770,207,98,153,272,163),
('Lunamon','Rookie','Data','Water',5,1,260,50,36,23,52,38,890,94,89,76,101,82,1530,138,143,130,150,126),
('Renamon','Rookie','Data','Plant',5,1,400,40,40,25,40,40,930,93,89,74,89,93,1470,147,138,123,138,147),
('Lopmon','Rookie','Data','Earth',4,1,300,30,45,24,45,36,790,79,103,68,103,85,1280,128,162,112,162,134),
('Wormmon','Rookie','Free','Plant',4,1,270,27,39,48,37,32,760,76,92,111,90,71,1250,125,146,175,144,110),
('IceDevimon','Champion','Virus','Water',8,1,500,45,82,45,60,43,990,94,140,89,118,92,1480,143,199,133,177,141),
('Icemon','Champion','Data','Water',6,2,450,38,55,69,53,45,940,87,108,132,106,84,1430,136,162,196,160,123),
('Aquilamon','Champion','Free','Wind',8,1,400,55,60,40,40,80,840,108,109,89,89,143,1280,162,158,138,138,207),
('Agunimon','Champion','Free','Fire',8,1,600,35,85,44,35,66,1130,88,134,93,84,119,1670,142,183,142,133,173),
('Arcadiamon Champion','Champion','Virus','Dark',8,1,600,45,90,35,40,55,1130,98,139,84,89,108,1670,152,188,133,138,162),
('Ankylomon','Champion','Free','Earth',6,2,700,45,45,70,35,40,1330,98,89,133,79,79,1970,152,133,197,123,118),
('Ikkakumon','Champion','Vaccine','Water',8,1,700,40,65,49,45,46,1330,84,118,102,94,90,1970,128,172,156,143,134),
('Wizardmon','Champion','Data','Dark',8,1,300,75,35,35,80,60,690,138,74,79,143,118,1080,202,113,123,207,177),
('Lobomon','Champion','Free','Light',8,1,600,40,80,37,30,68,1180,79,143,95,69,117,1770,118,207,154,108,166),
('Woodmon','Champion','Virus','Plant',6,2,850,30,56,50,40,44,1480,74,109,103,89,88,2120,118,163,157,138,132),
('Airdramon','Champion','Vaccine','Wind',6,2,460,38,63,42,47,69,1040,77,126,100,86,118,1630,116,190,159,125,167),
('ExVeemon','Champion','Free','Neutral',8,1,500,65,55,45,45,65,1030,118,104,94,94,118,1570,172,153,143,143,172),
('Angemon','Champion','Vaccine','Light',8,1,450,45,70,45,70,50,940,94,128,89,128,99,1430,143,187,133,187,148),
('Ogremon','Champion','Virus','Earth',8,1,650,25,92,60,25,48,1230,64,155,118,64,97,1820,103,219,177,103,146),
('Guardromon','Champion','Virus','Electric',6,2,500,35,55,75,50,40,990,84,108,138,103,79,1480,133,162,202,157,118),
('Guardromon (Gold)','Champion','Free','Electric',6,2,500,30,55,105,52,23,1130,83,99,168,96,62,1770,137,143,232,140,101),
('GaoGamon','Champion','Data','Wind',8,1,300,55,60,45,50,75,740,108,109,94,99,138,1180,162,158,143,148,202),
('Kabuterimon','Champion','Vaccine','Plant',6,2,400,40,55,65,63,42,890,89,108,128,116,81,1380,138,162,192,170,120),
('ShellNumemon','Champion','Virus','Water',6,2,650,50,35,85,30,40,1280,103,79,148,74,79,1920,157,123,212,118,118),
('Gargomon','Champion','Vaccine','Electric',6,2,500,50,60,50,40,55,1030,103,109,99,89,108,1570,157,158,148,138,162),
('Garurumon','Champion','Vaccine','Fire',8,1,450,55,50,45,45,75,890,108,99,94,94,138,1330,162,148,143,143,202),
('Garurumon (Blk)','Champion','Virus','Fire',8,1,450,55,60,55,30,70,890,108,109,104,79,133,1330,162,158,153,128,197),
('Kyubimon','Champion','Data','Fire',8,1,350,75,20,40,75,70,740,138,59,84,138,128,1130,202,98,128,202,187),
('Growlmon','Champion','Virus','Fire',8,1,600,40,80,55,30,60,1180,79,143,113,69,109,1770,118,207,172,108,158),
('Kurisarimon','Champion','Free','Dark',8,1,700,40,90,35,25,55,1280,84,153,79,64,113,1870,128,217,123,103,172),
('Greymon','Champion','Vaccine','Fire',8,1,650,35,85,60,25,55,1230,74,148,118,64,104,1820,113,212,177,103,153),
('Greymon (Blue)','Champion','Virus','Fire',8,1,700,35,90,60,20,50,1280,74,153,118,59,99,1870,113,217,177,98,148),
('Clockmon','Champion','Data','Electric',6,2,500,60,25,52,70,48,1030,118,64,101,133,92,1570,177,103,150,197,136),
('Kuwagamon','Champion','Virus','Plant',6,2,600,30,90,55,20,50,1180,69,153,113,59,99,1770,108,217,172,98,148),
('Gekomon','Champion','Virus','Water',6,2,600,65,29,40,65,46,1130,123,68,89,128,90,1670,182,107,138,192,134),
('Geremon','Champion','Virus','Electric',6,2,750,46,60,65,20,39,1380,99,104,128,64,78,2020,153,148,192,108,117),
('Coredramon (Blue)','Champion','Vaccine','Wind',8,1,650,37,88,45,30,60,1230,76,151,103,69,109,1820,115,215,162,108,158),
('Coredramon (Green)','Champion','Virus','Earth',8,1,650,30,88,55,22,65,1230,74,151,99,61,123,1820,118,215,143,100,182),
('GoldNumemon','Champion','Virus','Light',6,2,600,66,20,35,80,44,1130,124,59,84,143,88,1670,183,98,133,207,132),
('Golemon','Champion','Virus','Earth',6,2,850,40,58,74,23,25,1430,79,121,132,62,74,2020,118,185,191,101,123),
('Cyclonemon','Champion','Virus','Earth',6,2,450,35,78,65,40,42,940,84,131,128,93,81,1430,133,185,192,147,120),
('Sangloupmon','Champion','Virus','Dark',6,2,550,41,70,38,41,60,1180,85,123,91,90,104,1820,129,177,145,139,148),
('Sunflowmon','Champion','Data','Plant',6,2,650,55,25,40,78,42,1180,113,64,89,141,86,1720,172,103,138,205,130),
('Seadramon','Champion','Data','Water',6,2,550,60,25,50,71,44,1080,118,64,99,134,88,1620,177,103,148,198,132),
('Coelamon','Champion','Data','Water',6,2,800,30,55,61,32,47,1290,79,113,105,90,96,1780,128,172,149,149,145),
('GeoGreymon','Champion','Vaccine','Fire',8,1,750,45,80,40,25,60,1330,89,143,84,64,118,1920,133,207,128,103,177),
('Sukamon','Champion','Virus','Earth',6,2,800,45,45,70,25,40,1430,98,89,133,69,79,2070,152,133,197,113,118),
('Starmon','Champion','Data','Neutral',6,2,550,45,55,60,42,48,1080,98,104,109,91,101,1620,152,153,158,140,155),
('Stingmon','Champion','Free','Plant',8,1,550,40,80,30,35,75,1130,84,143,74,74,133,1720,128,207,118,113,192),
('Strikedramon','Champion','Vaccine','Earth',6,2,570,28,88,43,29,60,1150,72,151,87,68,118,1740,116,215,131,107,177),
('Zubaeagermon','Champion','Vaccine','Neutral',8,1,580,28,85,68,24,62,1160,67,148,126,63,111,1750,106,212,185,102,160),
('Socerimon','Champion','Vaccine','Water',8,1,500,65,25,44,85,46,1030,123,64,93,148,90,1570,182,103,142,212,134),
('Tankmon','Champion','Data','Electric',6,2,450,35,60,78,45,42,940,84,113,141,98,81,1430,133,167,205,152,120),
('MudFrigimon','Champion','Data','Earth',6,2,660,43,52,50,48,46,1190,96,101,99,97,99,1730,150,150,148,146,153),
('Tyrannomon','Champion','Data','Fire',6,2,650,20,85,67,20,48,1230,59,148,125,59,97,1820,98,212,184,98,146),
('Gatomon','Champion','Vaccine','Light',8,1,250,80,30,35,80,65,640,143,69,79,143,123,1030,207,108,123,207,182),
('Devimon','Champion','Virus','Dark',8,1,500,45,75,40,67,48,990,94,133,84,125,97,1480,143,192,128,184,146),
('Turuiemon','Champion','Data','Earth',6,2,560,34,67,47,39,62,1140,78,130,91,78,120,1730,122,194,135,117,179),
('Togemon','Champion','Data','Plant',8,1,700,40,55,60,44,46,1330,84,108,113,93,90,1970,128,162,167,142,134),
('Dorugamon','Champion','Data','Earth',8,1,600,40,75,45,30,65,1180,84,138,89,69,123,1770,128,202,133,108,182),
('Nanimon','Champion','Virus','Earth',6,2,580,35,55,70,45,42,1070,84,108,133,98,81,1560,133,162,197,152,120),
('Numemon','Champion','Virus','Earth',6,2,750,46,40,75,25,44,1380,99,84,138,69,83,2020,153,128,202,113,122),
('Birdramon','Champion','Vaccine','Fire',8,1,500,60,45,35,60,65,940,113,94,84,109,128,1380,167,143,133,158,192),
('BaoHuckmon','Champion','Data','Fire',8,1,600,33,77,73,27,55,990,96,116,117,90,113,1380,160,155,161,154,172),
('Bakemon','Champion','Virus','Dark',6,2,200,85,25,30,75,70,590,148,64,74,138,128,980,212,103,118,202,187),
('Veedramon','Champion','Vaccine','Wind',8,1,600,45,75,55,25,65,1180,84,138,113,64,114,1770,123,202,172,103,163),
('Hudiemon','Champion','Free','Plant',8,1,450,58,60,36,64,62,980,111,109,85,113,115,1520,165,158,134,162,169),
('PlatinumSukamon','Champion','Virus','Neutral',6,2,10,45,35,999,1,40,450,98,84,999,50,103,890,152,133,999,99,167),
('BlackGatomon','Champion','Virus','Dark',8,1,300,70,45,40,70,60,690,133,84,84,133,118,1080,197,123,128,197,177),
('Vegiemon','Champion','Virus','Plant',6,2,750,35,60,53,38,44,1380,79,113,106,87,88,2020,123,167,160,136,132),
('Peckmon','Champion','Vaccine','Wind',8,1,350,60,55,35,45,85,790,113,104,84,94,148,1230,167,153,133,143,212),
('Meramon','Champion','Data','Fire',6,2,550,30,75,55,40,50,1130,69,138,113,79,99,1720,108,202,172,118,148),
('Monochromon','Champion','Data','Earth',6,2,450,37,72,70,38,43,1030,76,135,128,77,92,1620,115,199,187,116,141),
('Frigimon','Champion','Vaccine','Water',6,2,750,39,50,45,50,46,1380,83,103,98,99,90,2020,127,157,152,148,134),
('Unimon','Champion','Vaccine','Wind',6,2,400,60,45,35,65,60,790,123,84,79,128,118,1180,187,123,123,192,177),
('Raptordramon','Champion','Vaccine','Neutral',6,2,600,25,92,52,20,56,1130,83,131,101,83,100,1670,142,170,150,147,144),
('Raremon','Champion','Virus','Earth',6,2,890,30,56,51,39,40,1330,83,105,100,88,103,1770,137,154,149,137,167),
('Leomon','Champion','Vaccine','Earth',8,1,600,30,80,65,32,48,1180,69,143,123,71,97,1770,108,207,182,110,146),
('Lekismon','Champion','Data','Water',6,2,350,60,45,35,50,80,790,113,94,84,99,143,1230,167,143,133,148,207),
('Reppamon','Champion','Vaccine','Light',8,1,350,65,45,50,50,80,790,118,94,99,99,143,1230,172,143,148,148,207),
('Waspmon','Champion','Virus','Electric',6,2,600,30,70,55,35,55,1180,74,133,99,74,113,1770,118,197,143,113,172),
('MegaKabuterimon','Ultimate','Vaccine','Plant',12,2,800,62,50,100,65,53,1430,115,94,163,109,92,2070,169,138,227,153,131),
('Arcadiamon Ultimate','Ultimate','Virus','Dark',14,3,600,67,108,50,70,85,1130,120,157,99,119,138,1670,174,206,148,168,192),
('Antylamon','Ultimate','Data','Neutral',12,3,500,70,75,60,65,105,940,123,124,109,114,168,1380,177,173,158,163,232),
('Andromon','Ultimate','Vaccine','Electric',12,3,550,45,80,94,80,56,1040,94,133,157,133,95,1530,143,187,221,187,134),
('Meteormon','Ultimate','Data','Earth',12,3,600,55,70,100,75,50,1090,104,123,163,128,89,1580,153,177,227,182,128),
('Infermon','Ultimate','Free','Dark',14,3,750,55,135,45,35,95,1330,99,198,89,74,153,1920,143,262,133,113,212),
('Myotismon','Ultimate','Virus','Dark',14,3,800,64,90,55,90,61,1290,113,148,99,148,110,1780,162,207,143,207,159),
('Wingdramon','Ultimate','Vaccine','Wind',14,3,800,45,100,65,50,100,1380,89,163,109,89,158,1970,133,227,153,128,217),
('BurningGreymon','Ultimate','Free','Fire',14,3,820,45,120,82,46,65,1260,98,169,131,95,128,1700,152,218,180,144,192),
('AeroVeedramon','Ultimate','Vaccine','Wind',14,1,850,50,100,55,55,95,1430,94,163,99,94,153,2020,138,227,143,133,212),
('Etemon','Ultimate','Virus','Dark',12,3,600,80,55,70,80,80,1130,133,104,119,129,133,1670,187,153,168,178,187),
('Angewomon','Ultimate','Vaccine','Light',14,3,500,100,30,50,125,85,890,163,69,94,188,143,1280,227,108,138,252,202),
('Okuwamon','Ultimate','Virus','Plant',12,3,750,35,95,100,35,70,1330,74,158,158,74,119,1920,113,222,217,113,168),
('Garudamon','Ultimate','Vaccine','Fire',12,3,600,70,75,60,80,80,1040,123,124,109,129,143,1480,177,173,158,178,207),
('KendoGarurumon','Ultimate','Free','Light',14,2,780,52,100,65,60,85,1410,105,144,128,104,124,2050,159,188,192,148,163),
('Gigadramon','Ultimate','Virus','Wind',12,3,750,45,84,85,60,61,1240,94,137,148,113,100,1730,143,191,212,167,139),
('CatchMamemon','Ultimate','Data','Electric',10,3,930,60,65,90,37,55,1420,109,123,134,95,104,1910,158,182,178,154,153),
('CannonBeemon','Ultimate','Virus','Electric',12,3,550,70,80,90,50,80,990,123,129,139,99,143,1430,177,178,188,148,207),
('Groundramon','Ultimate','Virus','Earth',14,3,850,45,135,85,35,55,1430,84,198,143,74,104,2020,123,262,202,113,153),
('GrapLeomon','Ultimate','Vaccine','Electric',12,3,1000,45,100,55,40,85,1580,89,163,99,79,143,2170,133,227,143,118,202),
('Grademon','Ultimate','Vaccine','Neutral',12,3,800,48,115,45,42,95,1290,97,173,89,100,144,1780,146,232,133,159,193),
('Crescemon','Ultimate','Data','Water',12,3,550,80,80,40,95,75,1180,133,124,103,139,114,1820,187,168,167,183,153),
('Cyberdramon','Ultimate','Vaccine','Dark',14,2,900,42,110,85,40,73,1480,81,173,143,79,122,2070,120,237,202,118,171),
('Shakkoumon','Ultimate','Free','Light',14,3,900,82,40,95,95,53,1530,135,84,158,139,92,2170,189,128,222,183,131),
('Cherrymon','Ultimate','Virus','Plant',12,3,1000,64,60,80,65,56,1630,108,113,133,114,100,2270,152,167,187,163,144),
('Silphymon','Ultimate','Free','Wind',14,3,600,85,70,70,75,95,1040,138,119,119,124,158,1480,192,168,168,173,222),
('SuperStarmon','Ultimate','Data','Light',12,3,650,75,73,85,60,67,1180,128,122,134,109,120,1720,182,171,183,158,174),
('SkullGreymon','Ultimate','Virus','Dark',14,3,650,40,140,95,30,70,1230,79,203,153,69,119,1820,118,267,212,108,168),
('SkullSatamon','Ultimate','Virus','Dark',12,3,680,50,92,52,83,65,1210,103,141,101,132,118,1750,157,190,150,181,172),
('Zudomon','Ultimate','Vaccine','Water',12,2,1000,40,97,75,55,58,1630,84,150,128,104,102,2270,128,204,182,153,146),
('SaviorHuckmon','Ultimate','Data','Fire',14,3,800,55,100,70,40,95,1380,94,163,128,79,144,1970,133,227,187,118,193),
('Taomon','Ultimate','Data','Dark',12,3,600,85,30,60,110,80,990,148,69,104,173,138,1380,212,108,148,237,197),
('Dragomon','Ultimate','Virus','Water',12,3,700,76,63,53,98,50,1280,115,126,111,137,99,1870,154,190,170,176,148),
('Chirinmon','Ultimate','Vaccine','Light',14,3,500,80,75,70,75,105,940,133,124,119,124,168,1380,187,173,168,173,232),
('Dinobeemon','Ultimate','Free','Plant',14,3,750,50,130,80,45,75,1330,94,193,124,84,133,1920,138,257,168,123,192),
('Digitamamon','Ultimate','Data','Neutral',12,3,750,45,75,95,62,58,1380,89,128,148,111,102,2020,133,182,202,160,146),
('SkullMeramon','Ultimate','Data','Fire',12,3,950,40,120,75,31,64,1530,79,183,133,70,113,2120,118,247,192,109,162),
('Duramon','Ultimate','Vaccine','Neutral',14,3,880,42,112,88,40,70,1460,81,175,146,79,119,2050,120,239,205,118,168),
('ShogunGekomon','Ultimate','Virus','Water',12,3,1350,52,60,60,50,53,1980,96,113,113,99,97,2620,140,167,167,148,141),
('Triceramon','Ultimate','Data','Earth',12,3,600,50,85,110,55,50,1180,89,148,168,94,99,1770,128,212,227,133,148),
('DoruGreymon','Ultimate','Data','Fire',14,3,900,45,98,95,45,67,1480,84,161,153,84,116,2070,123,225,212,123,165),
('Knightmon','Ultimate','Data','Neutral',12,3,650,60,82,95,70,53,1140,109,135,158,123,92,1630,158,189,222,177,131),
('Datamon','Ultimate','Virus','Electric',12,3,650,75,35,65,112,58,1180,133,74,114,175,102,1720,192,113,163,239,146),
('Paildramon','Ultimate','Free','Neutral',14,3,750,80,90,75,60,75,1280,133,139,124,109,128,1820,187,188,173,158,182),
('Panjyamon','Ultimate','Vaccine','Water',12,3,750,75,75,65,62,73,1280,128,124,114,111,126,1820,182,173,163,160,180),
('Pandamon','Ultimate','Data','Earth',12,3,600,55,82,90,65,58,1090,104,135,153,118,97,1580,153,189,217,172,136),
('Pumpkinmon','Ultimate','Data','Earth',10,3,850,53,70,55,70,67,1480,97,123,108,119,111,2120,141,177,162,168,155),
('Piximon','Ultimate','Data','Light',12,3,550,70,55,55,85,90,990,123,104,104,134,153,1430,177,153,153,183,217),
('HippoGryphonmon','Ultimate','Data','Wind',12,3,550,85,58,33,94,85,990,138,107,82,143,148,1430,192,156,131,192,212),
('Phantomon','Ultimate','Virus','Dark',12,3,550,60,60,55,100,80,940,123,99,99,163,138,1330,187,138,143,227,197),
('BlackKingNumemon','Ultimate','Virus','Dark',10,3,950,60,45,105,45,50,1580,113,89,168,89,89,2220,167,133,232,133,128),
('BlueMeramon','Ultimate','Virus','Fire',12,3,650,60,90,50,75,70,1140,109,148,94,133,119,1630,158,207,138,192,168),
('Vademon','Ultimate','Virus','Dark',10,3,600,107,25,45,110,53,1130,165,64,94,173,97,1670,224,103,143,237,141),
('Whamon','Ultimate','Vaccine','Water',12,2,1050,49,70,70,75,56,1680,93,123,123,124,100,2320,137,177,177,173,144),
('MagnaAngemon','Ultimate','Vaccine','Light',14,3,650,85,59,70,100,61,1180,143,98,119,163,105,1720,202,137,168,227,149),
('Volcanomon','Ultimate','Data','Fire',12,3,950,38,95,75,30,67,1530,82,158,119,69,125,2120,126,222,163,108,184),
('Matadormon','Ultimate','Virus','Dark',12,3,850,50,95,40,55,100,1480,94,148,93,104,144,2120,138,202,147,153,188),
('MachGaogamon','Ultimate','Data','Wind',12,3,900,45,95,45,50,100,1480,89,158,89,89,158,2070,133,222,133,128,217),
('Mamemon','Ultimate','Data','Earth',10,3,850,60,67,90,40,58,1480,113,111,153,84,97,2120,167,155,217,128,136),
('MegaSeadramon','Ultimate','Data','Water',12,3,800,80,47,65,95,58,1330,138,86,114,158,102,1870,197,125,163,222,146),
('Megadramon','Ultimate','Virus','Wind',12,3,850,40,95,90,30,70,1430,79,158,148,69,119,2020,118,222,207,108,168),
('WarGrowlmon','Ultimate','Virus','Fire',14,3,850,45,115,80,48,67,1430,84,178,138,87,116,2020,123,242,197,126,165),
('MetalGreymon','Ultimate','Vaccine','Fire',14,2,950,45,105,90,41,64,1530,84,168,148,80,113,2120,123,232,207,119,162),
('MetalGreymon (Blue)','Ultimate','Virus','Fire',14,2,1090,45,110,85,30,61,1670,84,173,143,69,110,2260,123,237,202,108,159),
('MetalTyrannomon','Ultimate','Virus','Electric',12,3,600,55,77,115,65,53,1090,104,130,178,118,92,1580,153,184,242,172,131),
('MetalMamemon','Ultimate','Data','Electric',10,3,600,50,70,90,75,64,1040,99,123,153,128,103,1480,148,177,217,182,142),
('Monzaemon','Ultimate','Vaccine','Neutral',12,2,950,49,75,65,70,56,1580,93,128,118,119,100,2220,137,182,172,168,144),
('Crowmon','Ultimate','Vaccine','Wind',12,3,450,75,70,55,70,110,890,128,119,104,119,173,1330,182,168,153,168,237),
('RizeGreymon','Ultimate','Vaccine','Fire',14,3,950,50,115,65,30,85,1530,94,178,109,69,143,2120,138,242,153,108,202),
('Lilamon','Ultimate','Data','Plant',12,3,750,90,30,55,105,70,1280,148,69,104,168,114,1820,207,108,153,232,158),
('Rapidmon','Ultimate','Vaccine','Electric',12,3,650,60,65,60,70,90,1180,113,114,109,119,143,1720,167,163,158,168,197),
('Lillymon','Ultimate','Data','Plant',12,3,500,90,35,50,100,100,890,153,74,94,163,158,1280,217,113,138,227,217),
('Lucemon FM','Ultimate','Virus','Neutral',22,2,900,90,105,70,145,90,1390,139,163,114,203,139,1880,188,222,158,262,188),
('LadyDevimon','Ultimate','Virus','Dark',14,3,500,100,60,50,95,85,890,163,99,94,158,143,1280,227,138,138,222,202),
('WereGarurumon','Ultimate','Vaccine','Earth',12,3,850,45,115,45,40,95,1430,89,178,89,79,153,2020,133,242,133,118,212),
('WereGarurumon (Blk)','Ultimate','Virus','Earth',12,3,900,35,120,60,30,90,1480,79,183,104,69,148,2070,123,247,148,108,207),
('Wisemon','Ultimate','Virus','Dark',12,3,400,105,30,40,135,75,790,168,69,84,198,133,1180,232,108,128,262,192),
('Arcadiamon Mega','Mega','Virus','Dark',20,2,880,100,147,60,70,110,1410,153,196,109,119,163,1950,207,245,158,168,217),
('Alphamon','Mega','Vaccine','Neutral',22,1,900,79,105,120,105,91,1390,128,158,183,158,130,1880,177,212,247,212,169),
('UlforceVeedramon','Mega','Vaccine','Wind',22,1,1100,85,125,65,65,140,1680,129,188,109,104,198,2270,173,252,153,143,257),
('Ebemon','Mega','Virus','Electric',16,3,700,120,35,65,135,85,1230,178,74,114,198,129,1770,237,113,163,262,173),
('Imperialdramon DM','Mega','Free','Fire',20,2,1200,90,90,90,90,95,1730,143,139,139,139,148,2270,197,188,188,188,202),
('Imperialdramon FM','Mega','Free','Neutral',20,2,1200,70,135,80,75,95,1780,114,198,124,114,153,2370,158,262,168,153,212),
('Vikemon','Mega','Free','Water',18,3,1150,61,105,90,80,89,1780,105,158,143,129,133,2420,149,212,197,178,177),
('Valkyrimon','Mega','Free','Wind',18,3,750,95,85,85,90,110,1330,139,148,129,129,168,1920,183,212,173,168,227),
('Varodurumon','Mega','Vaccine','Light',20,2,1000,120,40,50,150,115,1580,164,103,94,189,173,2170,208,167,138,228,232),
('VenomMyotismon','Mega','Virus','Dark',20,3,1050,71,135,60,90,89,1540,120,193,104,148,138,2030,169,252,148,207,187),
('WarGreymon','Mega','Vaccine','Fire',20,2,1050,59,130,105,60,91,1630,98,193,163,99,140,2220,137,257,222,138,189),
('Ophanimon','Mega','Vaccine','Light',20,2,450,120,65,120,130,95,840,183,104,164,193,153,1230,247,143,208,257,212),
('Gaiomon','Mega','Virus','Fire',18,3,1050,55,140,85,55,100,1630,99,203,129,94,158,2220,143,267,173,133,217),
('KaiserGreymon','Mega','Free','Fire',20,2,1150,50,148,107,65,90,1640,99,206,151,123,139,2130,148,265,195,182,188),
('ChaosGallantmon','Mega','Virus','Dark',22,1,850,90,120,95,105,95,1340,139,178,139,163,144,1830,188,237,183,222,193),
('Chaosdramon','Mega','Virus','Electric',20,2,1050,60,140,115,70,85,1630,99,203,173,109,134,2220,138,267,232,148,183),
('Gankoomon','Mega','Data','Fire',22,2,1500,51,125,105,70,89,2080,90,188,163,109,138,2670,129,252,222,148,187),
('KingEtemon','Mega','Virus','Earth',18,3,800,65,111,100,78,86,1290,114,164,163,131,125,1780,163,218,227,185,164),
('Kuzuhamon','Mega','Data','Dark',18,3,850,105,45,80,130,95,1380,163,84,129,193,139,1920,222,123,178,257,183),
('GranKuwagamon','Mega','Virus','Plant',18,3,950,49,115,120,50,91,1530,88,178,178,89,140,2120,127,242,237,128,189),
('GranDracmon','Mega','Virus','Dark',20,2,900,87,125,65,120,88,1340,140,174,114,169,151,1780,194,223,163,218,215),
('GroundLocomon','Mega','Data','Electric',18,3,650,65,91,150,80,89,1140,114,144,213,133,128,1630,163,198,277,187,167),
('Gryphonmon','Mega','Data','Wind',18,3,680,85,101,60,91,115,1260,129,164,104,130,173,1850,173,228,148,169,232),
('Craniamon','Mega','Vaccine','Earth',22,1,1000,90,80,145,90,85,1630,143,124,208,134,124,2270,197,168,272,178,163),
('Kerpymon (Blk)','Mega','Virus','Dark',20,3,900,125,55,50,160,95,1290,188,94,94,223,153,1680,252,133,138,287,212),
('Kerpymon (Good)','Mega','Vaccine','Light',20,2,900,125,55,60,145,100,1290,188,94,104,208,158,1680,252,133,148,272,217),
('Goldramon','Mega','Vaccine','Light',20,2,1100,55,130,105,95,80,1680,99,193,149,134,138,2270,143,257,193,173,197),
('SaberLeomon','Mega','Data','Wind',18,3,1100,55,165,60,45,105,1680,99,228,104,84,163,2270,143,292,148,123,222),
('Sakuyamon','Mega','Data','Light',18,3,600,115,55,70,125,115,990,178,94,114,188,173,1380,242,133,158,252,232),
('Jesmon','Mega','Data','Neutral',22,2,900,75,135,105,75,110,1480,119,198,149,114,168,2070,163,262,193,153,227),
('ShineGreymon','Mega','Vaccine','Light',20,2,1300,70,140,65,45,100,1880,114,203,109,84,158,2470,158,267,153,123,217),
('ShineGreymon BM','Mega','Vaccine','Fire',22,2,1400,70,165,60,45,110,1980,114,228,104,84,168,2570,158,292,148,123,227),
('Justimon','Mega','Vaccine','Light',18,3,950,60,130,100,60,95,1530,99,193,158,99,144,2120,138,257,217,138,193),
('Kentaurosmon','Mega','Vaccine','Light',22,1,700,100,90,105,105,120,1140,153,139,154,154,183,1580,207,188,203,203,247),
('Slayerdramon','Mega','Vaccine','Wind',20,2,1000,95,120,80,80,100,1530,148,169,129,129,153,2070,202,218,178,178,207),
('Seraphimon','Mega','Vaccine','Light',20,2,950,104,55,95,135,91,1480,162,94,144,198,135,2020,221,133,193,262,179),
('MegaGargomon','Mega','Vaccine','Electric',18,3,900,79,100,90,70,91,1430,132,149,139,119,144,1970,186,198,188,168,198),
('Darkdramon','Mega','Virus','Electric',18,3,1000,55,125,90,60,90,1580,94,188,148,99,139,2170,133,252,207,138,188),
('TigerVespamon','Mega','Virus','Electric',18,3,1050,60,130,70,60,115,1630,104,193,114,99,173,2220,148,257,158,138,232),
('Titamon','Mega','Virus','Earth',18,3,1300,55,130,75,65,85,1930,99,183,128,114,129,2570,143,237,182,163,173),
('TyrantKabuterimon','Mega','Virus','Plant',20,2,1000,50,135,115,60,115,1530,108,174,164,123,159,2070,167,213,213,187,203),
('Dianamon','Mega','Data','Water',20,3,400,115,50,110,135,125,790,178,89,154,198,183,1180,242,128,198,262,242),
('Diaboromon','Mega','Free','Dark',20,2,1100,70,180,60,40,115,1680,114,243,104,79,173,2270,158,307,148,118,232),
('Creepymon','Mega','Virus','Dark',22,2,950,84,125,70,125,91,1440,133,183,114,183,140,1930,182,242,158,242,189),
('Gallantmon','Mega','Virus','Light',22,1,950,95,100,105,100,95,1480,148,149,154,149,148,2020,202,198,203,198,202),
('Dynasmon','Mega','Data','Wind',22,2,1100,70,150,85,55,120,1680,114,213,129,94,178,2270,158,277,173,133,237),
('Durandamon','Mega','Vaccine','Neutral',20,2,1080,53,130,117,56,86,1660,92,193,175,95,135,2250,131,257,234,134,184),
('Leopardmon','Mega','Data','Light',22,3,600,125,85,70,120,130,990,188,124,114,183,188,1380,252,163,158,247,247),
('Leopardmon LM','Mega','Data','Earth',25,3,850,100,110,80,90,155,1290,153,159,129,139,218,1730,207,208,178,188,282),
('Dorugoramon','Mega','Data','Dark',18,2,1150,42,167,90,30,96,1640,91,225,134,88,145,2130,140,284,178,147,194),
('Neptunemon','Mega','Vaccine','Water',20,2,950,88,105,67,120,100,1440,137,158,130,173,139,1930,186,212,194,227,178),
('HiAndromon','Mega','Vaccine','Electric',18,3,700,65,100,115,85,85,1190,114,153,178,138,124,1680,163,207,242,192,163),
('PileVolcamon','Mega','Data','Fire',18,2,750,70,110,105,72,88,1330,109,173,163,111,137,1920,148,237,222,150,186),
('Barbamon','Mega','Virus','Dark',22,2,800,126,45,80,170,89,1330,184,84,129,233,133,1870,243,123,178,297,177),
('BanchoLeomon','Mega','Vaccine','Earth',18,3,1050,45,130,130,41,89,1630,84,193,188,80,138,2220,123,257,247,119,187),
('Piedmon','Mega','Virus','Dark',18,3,500,115,90,60,120,105,890,178,129,104,183,163,1280,242,168,148,247,222),
('Puppetmon','Mega','Virus','Plant',18,3,650,65,110,100,95,85,1140,114,163,163,148,124,1630,163,217,227,202,163),
('PlatinumNumemon','Mega','Virus','Neutral',16,3,10,79,50,999,1,81,450,132,99,999,50,144,890,186,148,999,99,208),
('BlackWarGreymon','Mega','Virus','Fire',20,2,1150,54,120,120,50,91,1730,93,183,178,89,140,2320,132,247,237,128,189),
('PrinceMamemon','Mega','Data','Neutral',16,3,1000,84,60,110,65,91,1630,137,104,173,109,130,2270,191,148,237,153,169),
('Breakdramon','Mega','Virus','Earth',20,2,1300,50,150,110,55,80,1880,89,213,168,94,129,2470,128,277,227,133,178),
('Plesiomon','Mega','Data','Water',18,3,1150,95,35,65,125,85,1680,153,74,114,188,129,2220,212,113,163,252,173),
('HerculesKabuterimon','Mega','Vaccine','Plant',18,3,1050,75,70,105,80,85,1680,128,114,168,124,124,2320,182,158,232,168,163),
('Beelzemon','Mega','Virus','Dark',22,1,1100,70,165,75,60,110,1680,114,228,119,99,168,2270,158,292,163,138,227),
('Beelzemon BM','Mega','Virus','Dark',25,2,1100,70,175,80,65,120,1680,114,238,124,104,178,2270,158,302,168,143,237),
('Belphemon SM','Mega','Virus','Dark',22,1,1200,120,50,65,140,95,1730,178,89,114,203,139,2270,237,128,163,267,183),
('Hououmon','Mega','Vaccine','Fire',18,3,1000,110,45,55,130,100,1390,173,84,99,193,158,1780,237,123,143,257,217),
('Magnadramon','Mega','Vaccine','Light',20,2,1350,110,50,75,120,85,1880,168,89,124,183,129,2420,227,128,173,247,173),
('Boltmon','Mega','Data','Electric',18,3,1000,44,135,105,45,91,1580,83,198,163,84,140,2170,122,262,222,123,189),
('MagnaGarurumon','Mega','Free','Light',18,3,900,78,112,60,75,125,1480,122,175,104,114,183,2070,166,239,148,153,242),
('MagnaGarurumon (SV)','Mega','Free','Light',18,3,580,85,114,58,70,155,1020,138,163,107,119,218,1460,192,212,156,168,282),
('Mastemon','Mega','Vaccine','Neutral',22,1,850,95,115,90,115,100,1340,144,173,134,173,149,1830,193,232,178,232,198),
('MarineAngemon','Mega','Vaccine','Water',18,3,800,135,25,45,140,95,1190,198,64,89,203,153,1580,262,103,133,267,212),
('Minervamon','Mega','Virus','Neutral',20,3,1000,70,145,70,80,110,1580,114,208,114,119,168,2170,158,272,158,158,227),
('MirageGaogamon','Mega','Data','Wind',18,3,900,70,120,70,70,120,1480,114,183,114,109,178,2070,158,247,158,148,237),
('MirageGaogamon BM','Mega','Data','Light',20,3,950,75,120,60,100,125,1440,124,178,104,158,174,1930,173,237,148,217,223),
('Machinedramon','Mega','Virus','Electric',18,3,750,65,120,120,75,85,1240,114,173,183,128,124,1730,163,227,247,182,163),
('Megidramon','Mega','Virus','Fire',20,2,1250,67,150,83,60,90,1690,120,199,132,109,153,2130,174,248,181,158,217),
('MetalEtemon','Mega','Virus','Earth',18,3,1000,75,90,125,45,85,1630,128,134,188,89,124,2270,182,178,252,133,163),
('MetalGarurumon','Mega','Data','Water',18,3,700,90,105,80,80,115,1140,143,154,129,129,178,1580,197,203,178,178,242),
('MetalGarurumon (Blk)','Mega','Virus','Electric',18,3,700,79,110,110,80,91,1190,128,163,173,133,130,1680,177,217,237,187,169),
('MetalSeadramon','Mega','Data','Water',18,3,900,90,60,90,105,85,1430,148,99,139,168,129,1970,207,138,188,232,173),
('Merukimon','Mega','Virus','Wind',20,2,830,66,125,75,88,138,1320,115,178,138,141,177,1810,164,232,202,195,216),
('RustTyranomon','Mega','Virus','Electric',18,3,1100,44,155,105,35,91,1680,83,218,163,74,140,2270,122,282,222,113,189),
('Leviamon','Mega','Virus','Water',22,1,1100,76,115,105,95,89,1730,120,168,158,144,133,2370,164,222,212,193,177),
('Lilithmon','Mega','Virus','Dark',22,2,550,140,60,60,160,115,940,203,99,104,223,173,1330,267,138,148,287,232),
('Ravemon','Mega','Vaccine','Wind',18,3,600,90,90,70,90,140,1040,143,139,119,139,203,1480,197,188,168,188,267),
('Ravemon BM','Mega','Vaccine','Wind',20,2,600,80,100,90,95,150,1040,133,149,139,144,213,1480,187,198,188,193,277),
('Crusadermon','Mega','Virus','Dark',22,2,800,100,95,90,95,130,1240,153,144,139,144,193,1680,207,193,188,193,257),
('Rosemon','Mega','Data','Plant',18,3,800,94,95,80,100,91,1330,147,144,129,149,144,1870,201,193,178,198,198),
('Rosemon BM','Mega','Data','Plant',20,3,950,90,100,90,110,90,1480,143,149,139,159,143,2020,197,198,188,208,197),
('Lotosmon','Mega','Data','Plant',18,3,550,125,35,65,150,110,940,188,74,109,213,168,1330,252,113,153,277,227),
('Armageddemon','Ultra','Free','Dark',25,1,1180,75,192,75,45,115,1760,114,255,133,84,164,2350,153,319,192,123,213),
('Arcadiamon Ultra','Ultra','Virus','Dark',25,2,980,105,155,60,85,117,1510,158,204,109,134,170,2050,212,253,158,183,224),
('Alphamon Ouryuken','Ultra','Vaccine','Neutral',25,1,1000,80,130,100,110,100,1530,133,179,149,159,153,2070,187,228,198,208,207),
('Imperialdramon PM','Ultra','Vaccine','Light',25,2,1000,105,105,105,105,100,1530,158,154,154,154,153,2070,212,203,203,203,207),
('Examon','Ultra','Data','Wind',25,2,1200,95,130,90,85,100,1730,148,179,139,134,153,2270,202,228,188,183,207),
('Omnimon','Ultra','Vaccine','Light',25,2,1100,65,145,110,95,95,1680,104,208,168,134,144,2270,143,272,227,173,193),
('Omnimon Zwart','Ultra','Vaccine','Dark',25,2,1000,90,100,130,105,95,1490,139,153,193,158,134,1980,188,207,257,212,173),
('Chaosmon','Ultra','Vaccine','Neutral',25,3,500,85,255,50,50,130,1080,129,318,94,89,188,1670,173,382,138,128,247),
('Chaosmon VA','Ultra','Vaccine','Light',25,3,350,85,205,35,155,105,790,138,254,84,204,168,1230,192,303,133,253,232),
('Susanomon','Ultra','Vaccine','Light',25,1,1050,90,120,100,110,100,1630,129,183,158,149,149,2220,168,247,217,188,198),
('Gallantmon CM','Ultra','Virus','Light',25,2,900,95,140,80,100,115,1480,139,203,124,139,173,2070,183,267,168,178,232),
('Belphemon RM','Ultra','Virus','Dark',25,2,1200,45,184,110,70,91,1780,84,247,168,109,140,2370,123,311,227,148,189),
('Lucemon SM','Ultra','Virus','Dark',25,2,1100,110,50,80,170,100,1490,173,89,124,233,158,1880,237,128,168,297,217),
('Flamedramon','Armor','Free','Fire',8,3,600,40,70,50,40,85,1130,93,119,99,89,138,1670,147,168,148,138,192),
('Magnamon','Armor','Free','Earth',22,2,750,75,115,145,95,85,1240,124,168,208,148,124,1730,173,222,272,202,163),
('Rapidmon (Armor)','Armor','Vaccine','Light',18,3,650,65,105,115,105,85,1140,114,158,178,158,124,1630,163,212,242,212,163),
('Shoutmon','None','Free','Fire',5,1,450,23,65,43,16,38,1030,62,128,101,55,87,1620,101,192,160,94,136),
('OmniShoutmon','None','Free','Fire',20,2,980,88,117,95,65,112,1510,141,166,144,114,165,2050,195,215,193,163,219),
('Ryudamon','Rookie','Vaccine','Neutral',5,1,210,29,60,53,18,44,790,73,123,97,57,102,1380,117,187,141,96,161),
('Ginryumon','Champion','Vaccine','Neutral',8,1,390,42,72,70,32,60,970,86,135,114,71,118,1560,130,199,158,110,177),
('Hisyaryumon','Ultimate','Vaccine','Neutral',14,1,620,45,120,113,35,65,1200,89,183,157,74,123,1790,133,247,201,113,182),
('Ouryumon','Mega','Vaccine','Neutral',20,2,770,60,158,135,45,100,1350,104,221,179,84,158,1940,148,285,223,123,217),
('Apocalymon','Ultra','Free','Neutral',25,1,1500,110,50,60,120,130,1890,173,89,104,183,188,2280,237,128,148,247,247),
('Sistermon Blanc','Rookie','Vaccine','Light',4,1,350,47,14,23,53,38,880,105,53,72,116,82,1420,164,92,121,180,126),
('Sistermon B (Awake.)','Rookie','Vaccine','Light',18,2,920,112,33,68,128,107,1310,175,72,112,191,165,1700,239,111,156,255,224),
('Sistermon Ciel','Champion','Virus','Light',6,2,400,58,47,38,46,76,840,111,96,87,95,139,1280,165,145,136,144,203),
('Sistermon C (Awake.)','Champion','Virus','Light',18,2,970,70,125,58,75,115,1550,114,188,102,114,173,2140,158,252,146,153,232),
('Alphamon NX','Mega','Vaccine','Neutral',6,1,300,36,38,43,38,45,980,104,109,114,109,116,1670,173,180,185,180,187),
('Crusadermon NX','Mega','Virus','Dark',6,1,350,32,47,28,38,50,1030,100,118,99,109,121,1720,169,189,170,180,192),
('Leopardmon NX','Mega','Data','Light',6,1,280,41,41,20,45,55,960,109,112,91,116,126,1650,178,183,162,187,197),
('Omnimon NX','Mega','Vaccine','Light',6,1,330,30,45,40,40,42,1010,98,116,111,111,113,1700,167,187,182,182,184),
('Gallantmon NX','Mega','Virus','Light',6,1,390,25,51,38,40,37,1070,93,122,109,111,108,1760,162,193,180,182,179);

INSERT INTO `digivolutions` (`Digimon From`,`Digimon To`)
VALUES
('Kuramon','Tsumemon'),
('Kuramon','Pagumon'),
('Kuramon','Arcadiamon In-Tr.'),
('Pabumon','Tanemon'),
('Pabumon','Yokomon'),
('Pabumon','Motimon'),
('Punimon','Tsunomon'),
('Punimon','Nyaromon'),
('Botamon','Koromon'),
('Botamon','Wanyamon'),
('Poyomon','Tokomon'),
('Poyomon','Bukamon'),
('Arcadiamon In-Tr.','Arcadiamon Rookie'),
('Koromon','Agumon'),
('Koromon','Guilmon'),
('Koromon','ToyAgumon'),
('Koromon','Hackmon'),
('Koromon','Dracomon'),
('Koromon','Shoutmon'),
('Tanemon','Lalamon'),
('Tanemon','Palmon'),
('Tanemon','Renamon'),
('Tanemon','FanBeemon'),
('Tsunomon','Gabumon'),
('Tsunomon','Gabumon (Blk)'),
('Tsunomon','Goblimon'),
('Tsunomon','Veemon'),
('Tsunomon','Zubamon'),
('Tsunomon','Monodramon'),
('Tsumemon','Agumon (Blk)'),
('Tsumemon','Keramon'),
('Tsumemon','DemiDevimon'),
('Tsumemon','Dracmon'),
('Tokomon','Patamon'),
('Tokomon','Falcomon'),
('Tokomon','Hawkmon'),
('Tokomon','Lucemon'),
('Tokomon','Sistermon Blanc'),
('Nyaromon','Armadillomon'),
('Nyaromon','Terriermon'),
('Nyaromon','Salamon'),
('Nyaromon','Lunamon'),
('Pagumon','Impmon'),
('Pagumon','Gazimon'),
('Pagumon','Lopmon'),
('Pagumon','Chuumon'),
('Yokomon','Elecmon'),
('Yokomon','Biyomon'),
('Yokomon','Wormmon'),
('Yokomon','Mushroomon'),
('Bukamon','Otamamon'),
('Bukamon','Gomamon'),
('Bukamon','Syakomon'),
('Bukamon','Betamon'),
('Motimon','Gotsumon'),
('Motimon','Solarmon'),
('Motimon','Tentomon'),
('Motimon','Hagurumon'),
('Wanyamon','Gaomon'),
('Wanyamon','Kudamon'),
('Wanyamon','Dorumon'),
('Wanyamon','Ryudamon'),
('Agumon','Greymon'),
('Agumon','GeoGreymon'),
('Agumon','Sukamon'),
('Agumon','Tyrannomon'),
('Agumon','Meramon'),
('Agumon','Agunimon'),
('Agumon (Blk)','Growlmon'),
('Agumon (Blk)','Greymon (Blue)'),
('Agumon (Blk)','Cyclonemon'),
('Agumon (Blk)','Tankmon'),
('Agumon (Blk)','Tyrannomon'),
('Agumon (Blk)','Monochromon'),
('Arcadiamon Rookie','Arcadiamon Champion'),
('Arcadiamon Rookie','Kurisarimon'),
('Arcadiamon Rookie','Leomon'),
('Armadillomon','Ankylomon'),
('Armadillomon','Geremon'),
('Armadillomon','GoldNumemon'),
('Armadillomon','Cyclonemon'),
('Armadillomon','Tankmon'),
('Armadillomon','Golemon'),
('Impmon','IceDevimon'),
('Impmon','Wizardmon'),
('Impmon','Ogremon'),
('Impmon','Socerimon'),
('Impmon','Bakemon'),
('Impmon','BlackGatomon'),
('Elecmon','Garurumon'),
('Elecmon','Garurumon (Blk)'),
('Elecmon','Geremon'),
('Elecmon','Sukamon'),
('Elecmon','Nanimon'),
('Elecmon','Leomon'),
('Otamamon','ShellNumemon'),
('Otamamon','Gekomon'),
('Otamamon','Seadramon'),
('Otamamon','Numemon'),
('Otamamon','Coelamon'),
('Otamamon','Raremon'),
('Gaomon','Ogremon'),
('Gaomon','GaoGamon'),
('Gaomon','Gargomon'),
('Gaomon','Togemon'),
('Gaomon','Leomon'),
('Gaomon','Sangloupmon'),
('Gazimon','GaoGamon'),
('Gazimon','Garurumon (Blk)'),
('Gazimon','Kurisarimon'),
('Gazimon','Dorugamon'),
('Gazimon','Nanimon'),
('Gazimon','Leomon'),
('Gabumon','Garurumon'),
('Gabumon','Dorugamon'),
('Gabumon','Numemon'),
('Gabumon','Veedramon'),
('Gabumon','Frigimon'),
('Gabumon','Lobomon'),
('Gabumon (Blk)','Garurumon (Blk)'),
('Gabumon (Blk)','Vegiemon'),
('Gabumon (Blk)','Frigimon'),
('Gabumon (Blk)','Reppamon'),
('Gabumon (Blk)','Raremon'),
('Guilmon','GeoGreymon'),
('Guilmon','Growlmon'),
('Guilmon','Greymon (Blue)'),
('Guilmon','Tyrannomon'),
('Guilmon','Meramon'),
('Guilmon','Agunimon'),
('Kudamon','Angemon'),
('Kudamon','GoldNumemon'),
('Kudamon','Peckmon'),
('Kudamon','Reppamon'),
('Kudamon','Lobomon'),
('Keramon','Wizardmon'),
('Keramon','Kurisarimon'),
('Keramon','Bakemon'),
('Keramon','PlatinumSukamon'),
('Keramon','Arcadiamon Champion'),
('Gotsumon','Ankylomon'),
('Gotsumon','Clockmon'),
('Gotsumon','Starmon'),
('Gotsumon','Tankmon'),
('Gotsumon','Icemon'),
('Gotsumon','Golemon'),
('Goblimon','Ogremon'),
('Goblimon','GaoGamon'),
('Goblimon','Growlmon'),
('Goblimon','Greymon (Blue)'),
('Goblimon','Nanimon'),
('Goblimon','Coredramon (Green)'),
('Gomamon','Ankylomon'),
('Gomamon','Ikkakumon'),
('Gomamon','Socerimon'),
('Gomamon','Frigimon'),
('Gomamon','Icemon'),
('Gomamon','Strikedramon'),
('Syakomon','Ikkakumon'),
('Syakomon','ShellNumemon'),
('Syakomon','Gekomon'),
('Syakomon','Seadramon'),
('Syakomon','Coelamon'),
('Zubamon','Zubaeagermon'),
('Zubamon','BaoHuckmon'),
('Zubamon','GoldNumemon'),
('Zubamon','Ginryumon'),
('Solarmon','Clockmon'),
('Solarmon','Geremon'),
('Solarmon','Starmon'),
('Solarmon','Meramon'),
('Solarmon','Guardromon (Gold)'),
('Solarmon','Golemon'),
('Chuumon','Raremon'),
('Chuumon','Sukamon'),
('Chuumon','Nanimon'),
('Chuumon','BlackGatomon'),
('Terriermon','Gargomon'),
('Terriermon','Ikkakumon'),
('Terriermon','Gatomon'),
('Terriermon','Rapidmon (Armor)'),
('Terriermon','Unimon'),
('Tentomon','Kabuterimon'),
('Tentomon','Kuwagamon'),
('Tentomon','Sunflowmon'),
('Tentomon','Stingmon'),
('Tentomon','Waspmon'),
('ToyAgumon','Clockmon'),
('ToyAgumon','Guardromon'),
('ToyAgumon','Greymon'),
('ToyAgumon','Sukamon'),
('ToyAgumon','Starmon'),
('ToyAgumon','Guardromon (Gold)'),
('Dracmon','Arcadiamon Champion'),
('Dracmon','Sangloupmon'),
('Dracmon','Raremon'),
('Dracmon','Sistermon Ciel'),
('Dracmon','Devimon'),
('Dracomon','Coredramon (Blue)'),
('Dracomon','Coredramon (Green)'),
('Dracomon','Veedramon'),
('Dracomon','Ginryumon'),
('Dorumon','Guardromon'),
('Dorumon','Cyclonemon'),
('Dorumon','Dorugamon'),
('Dorumon','Waspmon'),
('Dorumon','Raptordramon'),
('Hagurumon','Guardromon'),
('Hagurumon','Clockmon'),
('Hagurumon','GoldNumemon'),
('Hagurumon','Starmon'),
('Hagurumon','PlatinumSukamon'),
('Patamon','ExVeemon'),
('Patamon','Angemon'),
('Patamon','Gatomon'),
('Patamon','Birdramon'),
('Patamon','Reppamon'),
('Patamon','Unimon'),
('Hackmon','Greymon'),
('Hackmon','GeoGreymon'),
('Hackmon','PlatinumSukamon'),
('Hackmon','Zubaeagermon'),
('Hackmon','BaoHuckmon'),
('Hackmon','Monochromon'),
('Palmon','Woodmon'),
('Palmon','Kuwagamon'),
('Palmon','Sunflowmon'),
('Palmon','Togemon'),
('Palmon','Vegiemon'),
('Palmon','MudFrigimon'),
('DemiDevimon','IceDevimon'),
('DemiDevimon','Kyubimon'),
('DemiDevimon','Kurisarimon'),
('DemiDevimon','Devimon'),
('DemiDevimon','Bakemon'),
('Biyomon','Aquilamon'),
('Biyomon','Kabuterimon'),
('Biyomon','Kyubimon'),
('Biyomon','Birdramon'),
('Biyomon','Airdramon'),
('Falcomon','Aquilamon'),
('Falcomon','ExVeemon'),
('Falcomon','Stingmon'),
('Falcomon','Peckmon'),
('FanBeemon','Guardromon (Gold)'),
('FanBeemon','Raptordramon'),
('FanBeemon','Stingmon'),
('FanBeemon','Waspmon'),
('FanBeemon','Togemon'),
('Veemon','ExVeemon'),
('Veemon','Veedramon'),
('Veemon','Flamedramon'),
('Veemon','Magnamon'),
('Veemon','Lobomon'),
('Veemon','Strikedramon'),
('Salamon','Socerimon'),
('Salamon','Gatomon'),
('Salamon','Veedramon'),
('Salamon','Frigimon'),
('Salamon','Reppamon'),
('Salamon','BaoHuckmon'),
('Betamon','ShellNumemon'),
('Betamon','Gekomon'),
('Betamon','Seadramon'),
('Betamon','Numemon'),
('Betamon','Vegiemon'),
('Betamon','Airdramon'),
('Hawkmon','Aquilamon'),
('Hawkmon','Birdramon'),
('Hawkmon','Peckmon'),
('Hawkmon','Meramon'),
('Hawkmon','Airdramon'),
('Mushroomon','MudFrigimon'),
('Mushroomon','Woodmon'),
('Mushroomon','Sunflowmon'),
('Mushroomon','Vegiemon'),
('Monodramon','Coredramon (Blue)'),
('Monodramon','Strikedramon'),
('Monodramon','Raptordramon'),
('Monodramon','Kurisarimon'),
('Monodramon','Dorugamon'),
('Lalamon','Woodmon'),
('Lalamon','Sunflowmon'),
('Lalamon','Togemon'),
('Lalamon','Vegiemon'),
('Lucemon','Angemon'),
('Lucemon','Devimon'),
('Lucemon','Lucemon FM'),
('Lunamon','Sangloupmon'),
('Lunamon','Lekismon'),
('Lunamon','Sistermon Ciel'),
('Lunamon','Gatomon'),
('Renamon','Woodmon'),
('Renamon','Garurumon'),
('Renamon','Kyubimon'),
('Renamon','BlackGatomon'),
('Renamon','Turuiemon'),
('Renamon','Lekismon'),
('Lopmon','Wizardmon'),
('Lopmon','Gargomon'),
('Lopmon','Devimon'),
('Lopmon','BlackGatomon'),
('Lopmon','MudFrigimon'),
('Lopmon','Turuiemon'),
('Wormmon','IceDevimon'),
('Wormmon','Kabuterimon'),
('Wormmon','Kuwagamon'),
('Wormmon','Stingmon'),
('Wormmon','Waspmon'),
('Wormmon','Hudiemon'),
('IceDevimon','Myotismon'),
('IceDevimon','Cherrymon'),
('IceDevimon','LadyDevimon'),
('IceDevimon','Arcadiamon Ultimate'),
('IceDevimon','Dragomon'),
('Icemon','Meteormon'),
('Icemon','Panjyamon'),
('Icemon','Zudomon'),
('Aquilamon','AeroVeedramon'),
('Aquilamon','Garudamon'),
('Aquilamon','Silphymon'),
('Aquilamon','Crowmon'),
('Aquilamon','HippoGryphonmon'),
('Agunimon','BurningGreymon'),
('Agunimon','Matadormon'),
('Agunimon','SkullMeramon'),
('Agunimon','RizeGreymon'),
('Arcadiamon Champion','Arcadiamon Ultimate'),
('Arcadiamon Champion','SkullSatamon'),
('Arcadiamon Champion','Infermon'),
('Ankylomon','Meteormon'),
('Ankylomon','Shakkoumon'),
('Ankylomon','SkullGreymon'),
('Ankylomon','MagnaAngemon'),
('Ankylomon','Groundramon'),
('Ikkakumon','Zudomon'),
('Ikkakumon','Whamon'),
('Ikkakumon','MachGaogamon'),
('Ikkakumon','Triceramon'),
('Wizardmon','Myotismon'),
('Wizardmon','SkullMeramon'),
('Wizardmon','Wisemon'),
('Wizardmon','Phantomon'),
('Lobomon','KendoGarurumon'),
('Lobomon','Knightmon'),
('Lobomon','WereGarurumon'),
('Woodmon','Cherrymon'),
('Woodmon','Taomon'),
('Woodmon','Pumpkinmon'),
('Airdramon','Wingdramon'),
('Airdramon','MegaSeadramon'),
('Airdramon','Megadramon'),
('Airdramon','MetalGreymon'),
('ExVeemon','Paildramon'),
('ExVeemon','MagnaAngemon'),
('ExVeemon','RizeGreymon'),
('ExVeemon','Wingdramon'),
('ExVeemon','Dinobeemon'),
('Angemon','Garudamon'),
('Angemon','Shakkoumon'),
('Angemon','MagnaAngemon'),
('Angemon','SaviorHuckmon'),
('Angemon','HippoGryphonmon'),
('Ogremon','Digitamamon'),
('Ogremon','SkullMeramon'),
('Ogremon','WereGarurumon'),
('Ogremon','SkullSatamon'),
('Guardromon','Andromon'),
('Guardromon','GrapLeomon'),
('Guardromon','Datamon'),
('Guardromon','MetalMamemon'),
('Guardromon','CatchMamemon'),
('Guardromon (Gold)','Grademon'),
('Guardromon (Gold)','Duramon'),
('Guardromon (Gold)','Andromon'),
('Guardromon (Gold)','Rapidmon (Armor)'),
('Guardromon (Gold)','Magnamon'),
('GaoGamon','GrapLeomon'),
('GaoGamon','MachGaogamon'),
('GaoGamon','WereGarurumon'),
('Kabuterimon','MegaKabuterimon'),
('Kabuterimon','Cherrymon'),
('Kabuterimon','Lilamon'),
('ShellNumemon','ShogunGekomon'),
('ShellNumemon','BlackKingNumemon'),
('ShellNumemon','MegaSeadramon'),
('Gargomon','Antylamon'),
('Gargomon','WarGrowlmon'),
('Gargomon','Rapidmon'),
('Garurumon','Zudomon'),
('Garurumon','DoruGreymon'),
('Garurumon','Panjyamon'),
('Garurumon','WereGarurumon'),
('Garurumon (Blk)','BlueMeramon'),
('Garurumon (Blk)','MachGaogamon'),
('Garurumon (Blk)','WereGarurumon (Blk)'),
('Garurumon (Blk)','Pandamon'),
('Kyubimon','Taomon'),
('Kyubimon','Monzaemon'),
('Kyubimon','LadyDevimon'),
('Growlmon','Gigadramon'),
('Growlmon','WarGrowlmon'),
('Growlmon','MetalGreymon'),
('Growlmon','MetalTyrannomon'),
('Growlmon','BurningGreymon'),
('Kurisarimon','Infermon'),
('Kurisarimon','Cyberdramon'),
('Kurisarimon','Taomon'),
('Kurisarimon','Arcadiamon Ultimate'),
('Greymon','SkullGreymon'),
('Greymon','Megadramon'),
('Greymon','MetalGreymon'),
('Greymon','MetalGreymon (Blue)'),
('Greymon (Blue)','DoruGreymon'),
('Greymon (Blue)','Knightmon'),
('Greymon (Blue)','MetalGreymon (Blue)'),
('Greymon (Blue)','Triceramon'),
('Clockmon','Andromon'),
('Clockmon','Knightmon'),
('Clockmon','Datamon'),
('Clockmon','Wisemon'),
('Kuwagamon','Okuwamon'),
('Kuwagamon','CannonBeemon'),
('Kuwagamon','Cherrymon'),
('Gekomon','ShogunGekomon'),
('Gekomon','Whamon'),
('Gekomon','MegaSeadramon'),
('Geremon','Etemon'),
('Geremon','SuperStarmon'),
('Geremon','MetalMamemon'),
('Coredramon (Blue)','Wingdramon'),
('Coredramon (Blue)','AeroVeedramon'),
('Coredramon (Blue)','BlueMeramon'),
('Coredramon (Green)','Groundramon'),
('Coredramon (Green)','Triceramon'),
('Coredramon (Green)','WarGrowlmon'),
('GoldNumemon','BlackKingNumemon'),
('GoldNumemon','Vademon'),
('GoldNumemon','PlatinumNumemon'),
('Golemon','Volcanomon'),
('Golemon','Meteormon'),
('Golemon','Pumpkinmon'),
('Cyclonemon','DoruGreymon'),
('Cyclonemon','Datamon'),
('Cyclonemon','Megadramon'),
('Sangloupmon','KendoGarurumon'),
('Sangloupmon','Matadormon'),
('Sangloupmon','Myotismon'),
('Sangloupmon','WereGarurumon (Blk)'),
('Sunflowmon','Angewomon'),
('Sunflowmon','Lilamon'),
('Sunflowmon','Lillymon'),
('Seadramon','ShogunGekomon'),
('Seadramon','Whamon'),
('Seadramon','MegaSeadramon'),
('Seadramon','Hisyaryumon'),
('Coelamon','Dragomon'),
('Coelamon','Andromon'),
('Coelamon','MegaSeadramon'),
('Coelamon','Hisyaryumon'),
('GeoGreymon','Gigadramon'),
('GeoGreymon','SkullGreymon'),
('GeoGreymon','RizeGreymon'),
('GeoGreymon','Groundramon'),
('Sukamon','Etemon'),
('Sukamon','SuperStarmon'),
('Sukamon','Vademon'),
('Starmon','SuperStarmon'),
('Starmon','Mamemon'),
('Starmon','MetalMamemon'),
('Starmon','CatchMamemon'),
('Starmon','Crescemon'),
('Stingmon','Infermon'),
('Stingmon','Okuwamon'),
('Stingmon','Paildramon'),
('Stingmon','Dinobeemon'),
('Strikedramon','SaviorHuckmon'),
('Strikedramon','Cyberdramon'),
('Strikedramon','WereGarurumon'),
('Zubaeagermon','KendoGarurumon'),
('Zubaeagermon','Duramon'),
('Zubaeagermon','Phantomon'),
('Socerimon','Antylamon'),
('Socerimon','Piximon'),
('Socerimon','Wisemon'),
('Tankmon','Andromon'),
('Tankmon','Gigadramon'),
('Tankmon','CannonBeemon'),
('Tankmon','Knightmon'),
('Tankmon','Volcanomon'),
('MudFrigimon','Pandamon'),
('MudFrigimon','Meteormon'),
('MudFrigimon','Pumpkinmon'),
('Tyrannomon','Mamemon'),
('Tyrannomon','Megadramon'),
('Tyrannomon','MetalGreymon (Blue)'),
('Tyrannomon','MetalTyrannomon'),
('Gatomon','Angewomon'),
('Gatomon','Silphymon'),
('Gatomon','Lillymon'),
('Gatomon','Pandamon'),
('Devimon','Infermon'),
('Devimon','Myotismon'),
('Devimon','BlueMeramon'),
('Devimon','MetalGreymon (Blue)'),
('Devimon','SkullSatamon'),
('Turuiemon','Antylamon'),
('Turuiemon','Cyberdramon'),
('Turuiemon','Monzaemon'),
('Togemon','Pumpkinmon'),
('Togemon','MachGaogamon'),
('Togemon','Lillymon'),
('Dorugamon','Chirinmon'),
('Dorugamon','DoruGreymon'),
('Dorugamon','RizeGreymon'),
('Dorugamon','Grademon'),
('Nanimon','Meteormon'),
('Nanimon','SuperStarmon'),
('Nanimon','Digitamamon'),
('Numemon','Etemon'),
('Numemon','BlackKingNumemon'),
('Numemon','Monzaemon'),
('Birdramon','AeroVeedramon'),
('Birdramon','Garudamon'),
('Birdramon','Chirinmon'),
('Birdramon','Crowmon'),
('Birdramon','BurningGreymon'),
('Birdramon','HippoGryphonmon'),
('BaoHuckmon','KendoGarurumon'),
('BaoHuckmon','SaviorHuckmon'),
('BaoHuckmon','RizeGreymon'),
('Bakemon','Myotismon'),
('Bakemon','Pumpkinmon'),
('Bakemon','BlueMeramon'),
('Bakemon','LadyDevimon'),
('Bakemon','Phantomon'),
('Bakemon','Matadormon'),
('Veedramon','AeroVeedramon'),
('Veedramon','Cyberdramon'),
('Veedramon','WarGrowlmon'),
('Veedramon','MetalTyrannomon'),
('Hudiemon','Lillymon'),
('Hudiemon','CannonBeemon'),
('Hudiemon','Lilamon'),
('PlatinumSukamon','Etemon'),
('PlatinumSukamon','Vademon'),
('PlatinumSukamon','MetalMamemon'),
('PlatinumSukamon','CatchMamemon'),
('BlackGatomon','Cyberdramon'),
('BlackGatomon','Knightmon'),
('BlackGatomon','LadyDevimon'),
('BlackGatomon','WereGarurumon (Blk)'),
('Vegiemon','MegaKabuterimon'),
('Vegiemon','Digitamamon'),
('Vegiemon','Lilamon'),
('Peckmon','Antylamon'),
('Peckmon','Piximon'),
('Peckmon','Crowmon'),
('Meramon','SkullMeramon'),
('Meramon','Panjyamon'),
('Meramon','BlueMeramon'),
('Meramon','Mamemon'),
('Meramon','BurningGreymon'),
('Meramon','Volcanomon'),
('Monochromon','Triceramon'),
('Monochromon','SkullGreymon'),
('Monochromon','MetalTyrannomon'),
('Frigimon','Angewomon'),
('Frigimon','Zudomon'),
('Frigimon','Monzaemon'),
('Frigimon','Crescemon'),
('Unimon','HippoGryphonmon'),
('Unimon','Piximon'),
('Unimon','MagnaAngemon'),
('Raptordramon','Grademon'),
('Raptordramon','Duramon'),
('Raptordramon','Gigadramon'),
('Raptordramon','DoruGreymon'),
('Raremon','SkullSatamon'),
('Raremon','Dragomon'),
('Raremon','Phantomon'),
('Raremon','BlackKingNumemon'),
('Raremon','MetalGreymon (Blue)'),
('Leomon','Meteormon'),
('Leomon','GrapLeomon'),
('Leomon','Panjyamon'),
('Leomon','MetalGreymon'),
('Leomon','Grademon'),
('Lekismon','Crescemon'),
('Lekismon','Antylamon'),
('Lekismon','MachGaogamon'),
('Reppamon','Chirinmon'),
('Reppamon','Piximon'),
('Reppamon','Rapidmon'),
('Waspmon','MegaKabuterimon'),
('Waspmon','Okuwamon'),
('Waspmon','CannonBeemon'),
('Waspmon','Rapidmon'),
('MegaKabuterimon','GranKuwagamon'),
('MegaKabuterimon','HerculesKabuterimon'),
('MegaKabuterimon','Magnadramon'),
('Arcadiamon Ultimate','Arcadiamon Mega'),
('Arcadiamon Ultimate','Diaboromon'),
('Arcadiamon Ultimate','Creepymon'),
('Antylamon','Kerpymon (Good)'),
('Antylamon','Dianamon'),
('Antylamon','Diaboromon'),
('Antylamon','Kerpymon (Blk)'),
('Andromon','Craniamon'),
('Andromon','TigerVespamon'),
('Andromon','HiAndromon'),
('Meteormon','Ebemon'),
('Meteormon','Dianamon'),
('Meteormon','MetalEtemon'),
('Infermon','VenomMyotismon'),
('Infermon','Diaboromon'),
('Infermon','Beelzemon'),
('Infermon','Arcadiamon Mega'),
('Myotismon','VenomMyotismon'),
('Myotismon','Barbamon'),
('Myotismon','Piedmon'),
('Myotismon','Arcadiamon Mega'),
('Myotismon','GranDracmon'),
('Wingdramon','Slayerdramon'),
('Wingdramon','UlforceVeedramon'),
('Wingdramon','Dynasmon'),
('BurningGreymon','KaiserGreymon'),
('AeroVeedramon','UlforceVeedramon'),
('AeroVeedramon','Dynasmon'),
('AeroVeedramon','Ravemon'),
('AeroVeedramon','Goldramon'),
('Etemon','Piedmon'),
('Etemon','PlatinumNumemon'),
('Etemon','MetalEtemon'),
('Etemon','KingEtemon'),
('Etemon','PileVolcamon'),
('Angewomon','Ophanimon'),
('Angewomon','Magnadramon'),
('Angewomon','Mastemon'),
('Angewomon','Valkyrimon'),
('Okuwamon','GranKuwagamon'),
('Okuwamon','Diaboromon'),
('Okuwamon','HerculesKabuterimon'),
('Garudamon','Justimon'),
('Garudamon','Hououmon'),
('Garudamon','Ravemon'),
('Garudamon','Varodurumon'),
('Garudamon','Gryphonmon'),
('KendoGarurumon','MagnaGarurumon'),
('Gigadramon','GroundLocomon'),
('Gigadramon','Machinedramon'),
('Gigadramon','MetalSeadramon'),
('Gigadramon','Darkdramon'),
('Gigadramon','Dorugoramon'),
('Gigadramon','Megidramon'),
('CatchMamemon','Justimon'),
('CatchMamemon','Puppetmon'),
('CatchMamemon','PrinceMamemon'),
('CannonBeemon','GroundLocomon'),
('CannonBeemon','MegaGargomon'),
('CannonBeemon','TigerVespamon'),
('Groundramon','Breakdramon'),
('Groundramon','Megidramon'),
('Groundramon','Vikemon'),
('GrapLeomon','SaberLeomon'),
('GrapLeomon','Leopardmon'),
('GrapLeomon','BanchoLeomon'),
('GrapLeomon','PileVolcamon'),
('Grademon','Durandamon'),
('Grademon','Dorugamon'),
('Grademon','Alphamon'),
('Grademon','TigerVespamon'),
('Grademon','Ouryumon'),
('Crescemon','Kerpymon (Good)'),
('Crescemon','Kentaurosmon'),
('Crescemon','Dianamon'),
('Cyberdramon','Alphamon'),
('Cyberdramon','Justimon'),
('Cyberdramon','Titamon'),
('Shakkoumon','Vikemon'),
('Shakkoumon','ChaosGallantmon'),
('Shakkoumon','Kerpymon (Good)'),
('Cherrymon','Kuzuhamon'),
('Cherrymon','GranKuwagamon'),
('Cherrymon','Puppetmon'),
('Silphymon','Sakuyamon'),
('Silphymon','Dynasmon'),
('Silphymon','Hououmon'),
('Silphymon','Valkyrimon'),
('Silphymon','Gryphonmon'),
('SuperStarmon','Gankoomon'),
('SuperStarmon','Justimon'),
('SuperStarmon','PlatinumNumemon'),
('SkullGreymon','ShineGreymon'),
('SkullGreymon','Titamon'),
('SkullGreymon','Creepymon'),
('SkullSatamon','GranDracmon'),
('SkullSatamon','Diaboromon'),
('SkullSatamon','Creepymon'),
('Zudomon','Vikemon'),
('Zudomon','MarineAngemon'),
('Zudomon','MetalGarurumon'),
('Zudomon','Plesiomon'),
('SaviorHuckmon','Slayerdramon'),
('SaviorHuckmon','Valkyrimon'),
('SaviorHuckmon','Jesmon'),
('Taomon','Kuzuhamon'),
('Taomon','Sakuyamon'),
('Taomon','Dianamon'),
('Dragomon','Neptunemon'),
('Dragomon','Ebemon'),
('Dragomon','Leviamon'),
('Chirinmon','Kentaurosmon'),
('Chirinmon','Seraphimon'),
('Chirinmon','MetalGarurumon'),
('Dinobeemon','Imperialdramon DM'),
('Dinobeemon','GranKuwagamon'),
('Digitamamon','Titamon'),
('Digitamamon','Belphemon SM'),
('Digitamamon','Minervamon'),
('SkullMeramon','Gankoomon'),
('SkullMeramon','Beelzemon'),
('SkullMeramon','Boltmon'),
('Duramon','Durandamon'),
('Duramon','TigerVespamon'),
('Duramon','Jesmon'),
('ShogunGekomon','Vikemon'),
('ShogunGekomon','Plesiomon'),
('ShogunGekomon','Leviamon'),
('ShogunGekomon','KingEtemon'),
('Triceramon','Breakdramon'),
('Triceramon','GranKuwagamon'),
('Triceramon','SaberLeomon'),
('DoruGreymon','Alphamon'),
('DoruGreymon','Kentaurosmon'),
('DoruGreymon','Dorugoramon'),
('Knightmon','Craniamon'),
('Knightmon','Leopardmon'),
('Knightmon','Crusadermon'),
('Knightmon','Durandamon'),
('Datamon','GroundLocomon'),
('Datamon','Machinedramon'),
('Datamon','MetalGarurumon (Blk)'),
('Paildramon','Imperialdramon DM'),
('Panjyamon','SaberLeomon'),
('Panjyamon','BanchoLeomon'),
('Panjyamon','MirageGaogamon'),
('Pandamon','KingEtemon'),
('Pandamon','Justimon'),
('Pandamon','BanchoLeomon'),
('Pumpkinmon','Puppetmon'),
('Pumpkinmon','Boltmon'),
('Pumpkinmon','Rosemon'),
('Piximon','Ophanimon'),
('Piximon','Hououmon'),
('Piximon','MarineAngemon'),
('HippoGryphonmon','Varodurumon'),
('HippoGryphonmon','Gryphonmon'),
('HippoGryphonmon','Seraphimon'),
('Phantomon','VenomMyotismon'),
('Phantomon','Titamon'),
('Phantomon','Barbamon'),
('BlackKingNumemon','PlatinumNumemon'),
('BlackKingNumemon','PrinceMamemon'),
('BlackKingNumemon','MetalEtemon'),
('BlueMeramon','Creepymon'),
('BlueMeramon','Barbamon'),
('BlueMeramon','Boltmon'),
('BlueMeramon','Darkdramon'),
('Vademon','Ebemon'),
('Vademon','HiAndromon'),
('Vademon','HerculesKabuterimon'),
('Whamon','Plesiomon'),
('Whamon','MarineAngemon'),
('Whamon','MetalSeadramon'),
('Whamon','Neptunemon'),
('MagnaAngemon','ShineGreymon'),
('MagnaAngemon','Seraphimon'),
('MagnaAngemon','Crusadermon'),
('MagnaAngemon','Valkyrimon'),
('MagnaAngemon','Goldramon'),
('Volcanomon','PileVolcamon'),
('Volcanomon','Gankoomon'),
('Volcanomon','MetalEtemon'),
('Matadormon','GranDracmon'),
('Matadormon','VenomMyotismon'),
('Matadormon','Piedmon'),
('MachGaogamon','MegaGargomon'),
('MachGaogamon','BanchoLeomon'),
('MachGaogamon','MirageGaogamon'),
('MachGaogamon','Merukimon'),
('Mamemon','WarGreymon'),
('Mamemon','Puppetmon'),
('Mamemon','PrinceMamemon'),
('MegaSeadramon','Plesiomon'),
('MegaSeadramon','MetalSeadramon'),
('MegaSeadramon','Leviamon'),
('MegaSeadramon','Neptunemon'),
('Megadramon','UlforceVeedramon'),
('Megadramon','BlackWarGreymon'),
('Megadramon','Machinedramon'),
('Megadramon','Goldramon'),
('Megadramon','Megidramon'),
('WarGrowlmon','ChaosGallantmon'),
('WarGrowlmon','Gallantmon'),
('WarGrowlmon','RustTyranomon'),
('WarGrowlmon','Darkdramon'),
('WarGrowlmon','Megidramon'),
('MetalGreymon','WarGreymon'),
('MetalGreymon','Gaiomon'),
('MetalGreymon','RustTyranomon'),
('MetalGreymon (Blue)','WarGreymon'),
('MetalGreymon (Blue)','Gaiomon'),
('MetalGreymon (Blue)','BlackWarGreymon'),
('MetalGreymon (Blue)','Kerpymon (Blk)'),
('MetalTyrannomon','BlackWarGreymon'),
('MetalTyrannomon','Gallantmon'),
('MetalTyrannomon','RustTyranomon'),
('MetalTyrannomon','Breakdramon'),
('MetalMamemon','Ebemon'),
('MetalMamemon','HiAndromon'),
('MetalMamemon','PrinceMamemon'),
('Monzaemon','SaberLeomon'),
('Monzaemon','Sakuyamon'),
('Monzaemon','Minervamon'),
('Crowmon','Kuzuhamon'),
('Crowmon','Minervamon'),
('Crowmon','Ravemon'),
('Crowmon','Varodurumon'),
('Crowmon','Ouryumon'),
('RizeGreymon','Gaiomon'),
('RizeGreymon','ShineGreymon'),
('RizeGreymon','Slayerdramon'),
('Lilamon','Lilithmon'),
('Lilamon','Rosemon'),
('Lilamon','Lotosmon'),
('Rapidmon','MegaGargomon'),
('Rapidmon','TigerVespamon'),
('Rapidmon','MetalGarurumon (Blk)'),
('Lillymon','Magnadramon'),
('Lillymon','Rosemon'),
('Lillymon','Lotosmon'),
('Lucemon FM','Lucemon SM'),
('LadyDevimon','Mastemon'),
('LadyDevimon','Lilithmon'),
('LadyDevimon','Lotosmon'),
('WereGarurumon','MirageGaogamon'),
('WereGarurumon','MetalGarurumon'),
('WereGarurumon','MetalGarurumon (Blk)'),
('WereGarurumon (Blk)','BanchoLeomon'),
('WereGarurumon (Blk)','Minervamon'),
('WereGarurumon (Blk)','MetalGarurumon (Blk)'),
('WereGarurumon (Blk)','Merukimon'),
('Wisemon','VenomMyotismon'),
('Wisemon','Piedmon'),
('Wisemon','Belphemon SM'),
('Arcadiamon Mega','Arcadiamon Ultra'),
('Alphamon','Alphamon Ouryuken'),
('UlforceVeedramon','N/A'),
('Ebemon','N/A'),
('Imperialdramon DM','Imperialdramon PM'),
('Imperialdramon DM','Imperialdramon FM'),
('Imperialdramon FM','Imperialdramon DM'),
('Vikemon','N/A'),
('Valkyrimon','N/A'),
('Varodurumon','Chaosmon VA'),
('VenomMyotismon','N/A'),
('WarGreymon','Omnimon'),
('Ophanimon','N/A'),
('Gaiomon','N/A'),
('KaiserGreymon','Susanomon'),
('ChaosGallantmon','N/A'),
('Chaosdramon','N/A'),
('Gankoomon','N/A'),
('KingEtemon','N/A'),
('Kuzuhamon','N/A'),
('GranKuwagamon','N/A'),
('GranDracmon','N/A'),
('GroundLocomon','N/A'),
('Gryphonmon','N/A'),
('Craniamon','N/A'),
('Kerpymon (Blk)','N/A'),
('Kerpymon (Good)','N/A'),
('Goldramon','N/A'),
('SaberLeomon','N/A'),
('Sakuyamon','N/A'),
('Jesmon','N/A'),
('ShineGreymon','ShineGreymon BM'),
('ShineGreymon BM','N/A'),
('Justimon','N/A'),
('Kentaurosmon','N/A'),
('Slayerdramon','Examon'),
('Seraphimon','N/A'),
('MegaGargomon','N/A'),
('Darkdramon','Chaosmon'),
('TigerVespamon','N/A'),
('Titamon','N/A'),
('TyrantKabuterimon','N/A'),
('Dianamon','N/A'),
('Diaboromon','Armageddemon'),
('Creepymon','N/A'),
('Gallantmon','Gallantmon CM'),
('Dynasmon','N/A'),
('Durandamon','N/A'),
('Leopardmon','Leopardmon LM'),
('Leopardmon LM','Leopardmon'),
('Dorugoramon','N/A'),
('Neptunemon','N/A'),
('HiAndromon','N/A'),
('PileVolcamon','N/A'),
('Barbamon','N/A'),
('BanchoLeomon','Chaosmon'),
('BanchoLeomon','Chaosmon VA'),
('Piedmon','Apocalymon'),
('Puppetmon','Apocalymon'),
('PlatinumNumemon','N/A'),
('BlackWarGreymon','Omnimon Zwart'),
('PrinceMamemon','N/A'),
('Breakdramon','Examon'),
('Plesiomon','N/A'),
('HerculesKabuterimon','TyrantKabuterimon'),
('Beelzemon','Beelzemon BM'),
('Beelzemon BM','N/A'),
('Belphemon SM','Belphemon RM'),
('Hououmon','N/A'),
('Magnadramon','N/A'),
('Boltmon','N/A'),
('MagnaGarurumon','MagnaGarurumon (SV)'),
('MagnaGarurumon','Susanomon'),
('MagnaGarurumon (SV)','MagnaGarurumon'),
('Mastemon','N/A'),
('MarineAngemon','N/A'),
('Minervamon','N/A'),
('MirageGaogamon','MirageGaogamon BM'),
('MirageGaogamon BM','N/A'),
('Machinedramon','Chaosdramon'),
('Machinedramon','Apocalymon'),
('Megidramon','N/A'),
('MetalEtemon','N/A'),
('MetalGarurumon','Omnimon'),
('MetalGarurumon (Blk)','Omnimon Zwart'),
('MetalSeadramon','Apocalymon'),
('Merukimon','N/A'),
('RustTyranomon','N/A'),
('Leviamon','N/A'),
('Lilithmon','N/A'),
('Ravemon','Ravemon BM'),
('Ravemon BM','N/A'),
('Crusadermon','N/A'),
('Rosemon','Rosemon BM'),
('Rosemon BM','N/A'),
('Lotosmon','N/A'),
('Armageddemon','N/A'),
('Arcadiamon Ultra','N/A'),
('Alphamon Ouryuken','N/A'),
('Imperialdramon PM','N/A'),
('Examon','N/A'),
('Omnimon','N/A'),
('Omnimon Zwart','N/A'),
('Chaosmon','N/A'),
('Chaosmon VA','N/A'),
('Susanomon','N/A'),
('Gallantmon CM','N/A'),
('Belphemon RM','N/A'),
('Lucemon SM','N/A'),
('Flamedramon','N/A'),
('Magnamon','N/A'),
('Rapidmon (Armor)','N/A'),
('Shoutmon','OmniShoutmon'),
('OmniShoutmon','N/A'),
('Ryudamon','Ginryumon'),
('Ryudamon','Raptordramon'),
('Ryudamon','Reppamon'),
('Ginryumon','Hisyaryumon'),
('Ginryumon','CannonBeemon'),
('Ginryumon','MegaSeadramon'),
('Hisyaryumon','Ouryumon'),
('Hisyaryumon','Gaiomon'),
('Hisyaryumon','Goldramon'),
('Hisyaryumon','Minervamon'),
('Ouryumon','Alphamon Ouryuken'),
('Apocalymon','N/A'),
('Sistermon Blanc','Sistermon B (Awake.)'),
('Sistermon Blanc','Sistermon Ciel'),
('Sistermon Blanc','Gargomon'),
('Sistermon Blanc','Lekismon'),
('Sistermon B (Awake.)','N/A'),
('Sistermon Ciel','Sistermon C (Awake.)'),
('Sistermon Ciel','Pandamon'),
('Sistermon Ciel','LadyDevimon'),
('Sistermon C (Awake.)','N/A'),
('Alphamon NX','N/A'),
('Crusadermon NX','N/A'),
('Leopardmon NX','N/A'),
('Omnimon NX','N/A'),
('Gallantmon NX','N/A');

INSERT INTO `digivolution_requirements` (`Name`,`Level`,`HP`,`SP`,`ATK`,`DEF`,`INT`,`SPD`,`ABI`,`CAM`,`Extra Condition`)
VALUES
('Kuramon',0,NULL,NULL,NULL,NULL,NULL,NULL,NULL,NULL,'Starter digimon'),
('Pabumon',0,NULL,NULL,NULL,NULL,NULL,NULL,NULL,NULL,'Starter digimon'),
('Punimon',0,NULL,NULL,NULL,NULL,NULL,NULL,NULL,NULL,'Starter digimon'),
('Botamon',0,NULL,NULL,NULL,NULL,NULL,NULL,NULL,NULL,'Starter digimon'),
('Poyomon',0,NULL,NULL,NULL,NULL,NULL,NULL,NULL,NULL,'Starter digimon'),
('Arcadiamon In-Tr.',8,NULL,NULL,NULL,NULL,NULL,NULL,'5',NULL,'Cleared "Hacker''s Memory"'),
('Koromon',3,NULL,NULL,'15',NULL,NULL,NULL,NULL,NULL,NULL),
('Tanemon',5,NULL,NULL,NULL,NULL,NULL,NULL,NULL,NULL,NULL),
('Tsunomon',5,NULL,NULL,NULL,NULL,NULL,NULL,NULL,NULL,NULL),
('Tsumemon',5,NULL,NULL,NULL,NULL,NULL,NULL,NULL,NULL,NULL),
('Tokomon',5,NULL,NULL,NULL,NULL,NULL,NULL,NULL,NULL,NULL),
('Nyaromon',3,NULL,NULL,NULL,NULL,'10',NULL,NULL,NULL,NULL),
('Pagumon',5,NULL,NULL,NULL,NULL,NULL,NULL,NULL,NULL,NULL),
('Yokomon',3,'50',NULL,NULL,NULL,NULL,NULL,NULL,NULL,NULL),
('Bukamon',3,NULL,NULL,NULL,NULL,'15',NULL,NULL,NULL,NULL),
('Motimon',3,NULL,NULL,NULL,'15',NULL,NULL,NULL,NULL,NULL),
('Wanyamon',5,NULL,NULL,NULL,NULL,NULL,NULL,NULL,NULL,NULL),
('Agumon',9,NULL,NULL,'30',NULL,NULL,NULL,NULL,'10%',NULL),
('Agumon (Blk)',8,NULL,NULL,'30',NULL,NULL,NULL,NULL,NULL,NULL),
('Arcadiamon Rookie',6,NULL,NULL,'90',NULL,NULL,'20',NULL,NULL,'Cleared "Hacker''s Memory"'),
('Armadillomon',7,'75',NULL,NULL,'20',NULL,NULL,NULL,'10%',NULL),
('Impmon',7,NULL,'20',NULL,NULL,'30',NULL,NULL,NULL,NULL),
('Elecmon',7,'75','20',NULL,NULL,NULL,'20',NULL,NULL,NULL),
('Otamamon',7,NULL,NULL,NULL,NULL,'20',NULL,NULL,NULL,NULL),
('Gaomon',9,NULL,NULL,'20',NULL,NULL,'20',NULL,'10%',NULL),
('Gazimon',9,NULL,NULL,'15',NULL,NULL,'20',NULL,NULL,NULL),
('Gabumon',7,'75',NULL,'20',NULL,NULL,'20',NULL,NULL,NULL),
('Gabumon (Blk)',6,'80',NULL,'30',NULL,NULL,NULL,NULL,NULL,NULL),
('Guilmon',7,NULL,NULL,'30',NULL,NULL,'20',NULL,NULL,NULL),
('Kudamon',8,NULL,'20',NULL,NULL,'20',NULL,NULL,NULL,NULL),
('Keramon',9,NULL,NULL,'20',NULL,NULL,'20',NULL,NULL,NULL),
('Gotsumon',8,NULL,NULL,NULL,'30',NULL,NULL,NULL,NULL,NULL),
('Goblimon',7,NULL,NULL,'40',NULL,NULL,NULL,NULL,NULL,NULL),
('Gomamon',8,'100',NULL,NULL,NULL,NULL,NULL,NULL,'10%',NULL),
('Syakomon',7,NULL,NULL,NULL,'15','20',NULL,NULL,NULL,NULL),
('Zubamon',10,NULL,NULL,'20',NULL,NULL,'20',NULL,NULL,NULL),
('Solarmon',6,'75',NULL,NULL,'25',NULL,NULL,NULL,NULL,NULL),
('Chuumon',6,NULL,NULL,NULL,NULL,NULL,'30',NULL,NULL,NULL),
('Terriermon',8,NULL,NULL,NULL,NULL,NULL,'30',NULL,'10%',NULL),
('Tentomon',9,NULL,NULL,NULL,'20',NULL,NULL,NULL,NULL,NULL),
('ToyAgumon',8,'75',NULL,NULL,'20',NULL,NULL,NULL,NULL,NULL),
('Dracmon',8,NULL,NULL,'30',NULL,NULL,'20',NULL,NULL,NULL),
('Dracomon',6,NULL,NULL,'50','20',NULL,NULL,NULL,'10%',NULL),
('Dorumon',8,NULL,NULL,'20',NULL,NULL,'30',NULL,NULL,NULL),
('Hagurumon',7,'75',NULL,NULL,'30',NULL,NULL,NULL,'10%',NULL),
('Patamon',7,NULL,NULL,NULL,NULL,'20','20',NULL,'10%',NULL),
('Hackmon',9,NULL,NULL,'20',NULL,NULL,NULL,'20',NULL,NULL),
('Palmon',8,'100',NULL,NULL,NULL,NULL,NULL,NULL,'10%',NULL),
('DemiDevimon',8,NULL,NULL,NULL,NULL,NULL,'30',NULL,NULL,NULL),
('Biyomon',8,NULL,NULL,NULL,NULL,'20','20',NULL,'10%',NULL),
('Falcomon',9,NULL,NULL,NULL,NULL,NULL,'30',NULL,NULL,NULL),
('FanBeemon',6,NULL,NULL,NULL,NULL,NULL,'30',NULL,NULL,NULL),
('Veemon',6,NULL,NULL,'20',NULL,NULL,'20',NULL,'10%',NULL),
('Salamon',7,NULL,'20',NULL,NULL,'20',NULL,NULL,'10%',NULL),
('Betamon',8,NULL,NULL,NULL,NULL,'40',NULL,NULL,NULL,NULL),
('Hawkmon',7,NULL,NULL,NULL,NULL,NULL,'30',NULL,'10%',NULL),
('Mushroomon',8,'75',NULL,NULL,'10',NULL,NULL,NULL,NULL,NULL),
('Monodramon',8,NULL,NULL,'35',NULL,NULL,NULL,NULL,'10%',NULL),
('Lalamon',9,'75',NULL,NULL,NULL,NULL,NULL,NULL,NULL,NULL),
('Lucemon',30,NULL,'80',NULL,NULL,'130',NULL,'80',NULL,NULL),
('Lunamon',8,NULL,'30',NULL,NULL,'20',NULL,NULL,NULL,NULL),
('Renamon',7,NULL,NULL,'20',NULL,'20','20',NULL,NULL,NULL),
('Lopmon',8,NULL,NULL,'15',NULL,'20',NULL,NULL,NULL,NULL),
('Wormmon',8,NULL,NULL,NULL,'20',NULL,NULL,NULL,'10%',NULL),
('IceDevimon',15,NULL,NULL,'40',NULL,'40',NULL,NULL,NULL,NULL),
('Icemon',15,'110',NULL,NULL,'50',NULL,NULL,NULL,NULL,NULL),
('Aquilamon',14,NULL,NULL,NULL,NULL,NULL,'55',NULL,NULL,NULL),
('Agunimon',15,'150',NULL,'50',NULL,NULL,NULL,NULL,NULL,'Item: Human Spirit of Flame'),
('Arcadiamon Champion',16,NULL,NULL,'50',NULL,'40',NULL,NULL,NULL,'Cleared "Hacker''s Memory"'),
('Ankylomon',15,'150',NULL,NULL,'40',NULL,NULL,NULL,NULL,NULL),
('Ikkakumon',15,'300',NULL,NULL,NULL,NULL,NULL,NULL,'25%',NULL),
('Wizardmon',14,NULL,'35',NULL,NULL,'55',NULL,NULL,NULL,NULL),
('Lobomon',15,'45',NULL,NULL,NULL,NULL,'55',NULL,NULL,'Item: Human Spirit of Light'),
('Woodmon',14,'500',NULL,NULL,NULL,NULL,NULL,NULL,NULL,NULL),
('Airdramon',14,NULL,NULL,'35',NULL,NULL,'45',NULL,NULL,NULL),
('ExVeemon',14,NULL,NULL,'40',NULL,NULL,'40',NULL,'25%',NULL),
('Angemon',16,NULL,NULL,NULL,NULL,'40',NULL,'5',NULL,NULL),
('Ogremon',14,NULL,NULL,'55',NULL,NULL,NULL,NULL,NULL,NULL),
('Guardromon',14,NULL,NULL,NULL,'55',NULL,NULL,NULL,NULL,NULL),
('Guardromon (Gold)',14,'130',NULL,NULL,'60',NULL,NULL,NULL,NULL,NULL),
('GaoGamon',15,NULL,NULL,NULL,NULL,NULL,'55',NULL,NULL,NULL),
('Kabuterimon',14,NULL,NULL,NULL,'40','40',NULL,NULL,NULL,NULL),
('ShellNumemon',14,'150',NULL,NULL,'55',NULL,NULL,NULL,NULL,NULL),
('Gargomon',15,'150',NULL,NULL,NULL,NULL,'40',NULL,NULL,NULL),
('Garurumon',15,NULL,NULL,NULL,NULL,NULL,'50',NULL,'25%',NULL),
('Garurumon (Blk)',15,NULL,NULL,'35',NULL,NULL,'50',NULL,NULL,NULL),
('Kyubimon',14,NULL,'40',NULL,NULL,'40','40',NULL,NULL,NULL),
('Growlmon',15,NULL,NULL,'50',NULL,NULL,'20',NULL,NULL,NULL),
('Kurisarimon',16,'150',NULL,'40',NULL,NULL,NULL,NULL,NULL,NULL),
('Greymon',16,NULL,NULL,'55',NULL,NULL,NULL,NULL,'50%',NULL),
('Greymon (Blue)',16,'150',NULL,'50',NULL,NULL,NULL,NULL,NULL,NULL),
('Clockmon',14,NULL,NULL,NULL,NULL,'35',NULL,NULL,NULL,NULL),
('Kuwagamon',14,NULL,NULL,'55',NULL,NULL,NULL,NULL,NULL,NULL),
('Gekomon',14,NULL,'40',NULL,NULL,'40',NULL,NULL,NULL,NULL),
('Geremon',12,'130','25',NULL,'40',NULL,NULL,NULL,NULL,NULL),
('Coredramon (Blue)',14,NULL,NULL,'60',NULL,NULL,'25',NULL,NULL,NULL),
('Coredramon (Green)',14,NULL,NULL,'40','25',NULL,'40',NULL,NULL,NULL),
('GoldNumemon',18,NULL,NULL,NULL,NULL,NULL,NULL,'5',NULL,NULL),
('Golemon',14,'150',NULL,NULL,'60',NULL,NULL,NULL,NULL,NULL),
('Cyclonemon',14,NULL,NULL,'30','40',NULL,NULL,NULL,NULL,NULL),
('Sangloupmon',15,NULL,NULL,'50',NULL,NULL,'55',NULL,NULL,NULL),
('Sunflowmon',14,'150',NULL,NULL,NULL,'40',NULL,NULL,NULL,NULL),
('Seadramon',14,NULL,NULL,NULL,'30','40',NULL,NULL,NULL,NULL),
('Coelamon',14,'300',NULL,NULL,NULL,NULL,'30',NULL,NULL,NULL),
('GeoGreymon',15,'150',NULL,'50',NULL,NULL,NULL,NULL,NULL,NULL),
('Sukamon',12,'150',NULL,NULL,'40',NULL,NULL,NULL,NULL,NULL),
('Starmon',14,'150',NULL,NULL,'35',NULL,NULL,NULL,NULL,NULL),
('Stingmon',14,NULL,NULL,'40',NULL,NULL,'55',NULL,NULL,NULL),
('Strikedramon',15,NULL,NULL,'45',NULL,NULL,'50',NULL,NULL,NULL),
('Zubaeagermon',20,NULL,NULL,'50',NULL,NULL,'50',NULL,NULL,NULL),
('Socerimon',16,NULL,'40',NULL,NULL,'40',NULL,NULL,NULL,NULL),
('Tankmon',14,NULL,NULL,NULL,'55',NULL,NULL,NULL,NULL,NULL),
('MudFrigimon',14,'150',NULL,NULL,'40',NULL,NULL,NULL,NULL,NULL),
('Tyrannomon',14,'150',NULL,'40',NULL,NULL,NULL,NULL,NULL,NULL),
('Gatomon',16,NULL,NULL,NULL,NULL,'40',NULL,NULL,'25%',NULL),
('Devimon',16,NULL,NULL,'40',NULL,NULL,NULL,'5',NULL,NULL),
('Turuiemon',14,NULL,NULL,'45',NULL,NULL,'40',NULL,NULL,NULL),
('Togemon',16,'300',NULL,NULL,'30',NULL,NULL,NULL,'25%',NULL),
('Dorugamon',14,NULL,NULL,'40',NULL,NULL,'40',NULL,NULL,NULL),
('Nanimon',12,NULL,NULL,'40','40',NULL,NULL,NULL,NULL,NULL),
('Numemon',12,'150',NULL,NULL,'40',NULL,NULL,NULL,NULL,NULL),
('Birdramon',14,'40',NULL,NULL,NULL,'40','40',NULL,NULL,NULL),
('BaoHuckmon',16,NULL,NULL,'55',NULL,NULL,'50',NULL,NULL,NULL),
('Bakemon',13,NULL,'40',NULL,NULL,'30',NULL,NULL,NULL,NULL),
('Veedramon',16,NULL,NULL,'40',NULL,NULL,'35',NULL,NULL,NULL),
('Hudiemon',15,NULL,'40',NULL,NULL,NULL,'40',NULL,'100%','Cleared "Hacker''s Memory"'),
('PlatinumSukamon',20,NULL,NULL,NULL,NULL,NULL,NULL,NULL,NULL,NULL),
('BlackGatomon',16,NULL,NULL,NULL,NULL,'40',NULL,NULL,'25%',NULL),
('Vegiemon',12,'300',NULL,NULL,NULL,NULL,NULL,NULL,NULL,NULL),
('Peckmon',14,NULL,NULL,NULL,NULL,NULL,'50',NULL,NULL,NULL),
('Meramon',14,NULL,NULL,'40',NULL,NULL,NULL,NULL,NULL,NULL),
('Monochromon',14,NULL,NULL,'55','55',NULL,NULL,NULL,NULL,NULL),
('Frigimon',14,'250',NULL,'30',NULL,NULL,NULL,NULL,NULL,NULL),
('Unimon',13,NULL,NULL,NULL,NULL,'40','40',NULL,'10%',NULL),
('Raptordramon',15,'130',NULL,'50',NULL,NULL,NULL,NULL,NULL,NULL),
('Raremon',12,'500',NULL,NULL,NULL,NULL,NULL,NULL,NULL,NULL),
('Leomon',16,NULL,NULL,'55',NULL,NULL,NULL,NULL,NULL,NULL),
('Lekismon',15,NULL,NULL,'35',NULL,NULL,'40',NULL,NULL,NULL),
('Reppamon',16,NULL,NULL,NULL,NULL,NULL,'40','5',NULL,NULL),
('Waspmon',14,NULL,NULL,'40',NULL,NULL,'40',NULL,NULL,NULL),
('MegaKabuterimon',28,'400',NULL,NULL,'95',NULL,NULL,NULL,NULL,NULL),
('Arcadiamon Ultimate',30,NULL,NULL,'110',NULL,'85',NULL,NULL,NULL,'Cleared "Hackers''s Memory"'),
('Antylamon',28,NULL,NULL,'65',NULL,'75','85',NULL,NULL,NULL),
('Andromon',28,NULL,NULL,'75','75','75',NULL,NULL,NULL,NULL),
('Meteormon',26,NULL,NULL,NULL,'110',NULL,NULL,NULL,NULL,NULL),
('Infermon',30,NULL,NULL,'95',NULL,NULL,'80',NULL,NULL,NULL),
('Myotismon',30,NULL,NULL,'70',NULL,'90',NULL,'10',NULL,NULL),
('Wingdramon',30,NULL,NULL,'80',NULL,NULL,'95','10',NULL,NULL),
('BurningGreymon',30,'500',NULL,'120','60',NULL,NULL,NULL,NULL,'Item: Beast Spirit of Flame'),
('AeroVeedramon',30,NULL,NULL,'75',NULL,NULL,'95',NULL,'25%',NULL),
('Etemon',26,NULL,'75',NULL,'75',NULL,'65',NULL,NULL,NULL),
('Angewomon',30,NULL,'75',NULL,NULL,'100',NULL,'10',NULL,NULL),
('Okuwamon',26,NULL,NULL,'95','90',NULL,NULL,NULL,NULL,NULL),
('Garudamon',30,NULL,NULL,'75',NULL,NULL,'75',NULL,NULL,NULL),
('KendoGarurumon',30,'300',NULL,'100',NULL,NULL,'85',NULL,NULL,'Item: Beast Spirit of Light'),
('Gigadramon',26,'800',NULL,'75','95',NULL,NULL,NULL,NULL,NULL),
('CatchMamemon',26,'700',NULL,NULL,'85',NULL,NULL,NULL,NULL,NULL),
('CannonBeemon',28,NULL,NULL,NULL,'75',NULL,'75',NULL,NULL,NULL),
('Groundramon',30,'400',NULL,'125',NULL,NULL,NULL,'10',NULL,NULL),
('GrapLeomon',26,'400',NULL,'95',NULL,NULL,NULL,NULL,NULL,NULL),
('Grademon',30,'400',NULL,'80',NULL,NULL,'70',NULL,NULL,NULL),
('Crescemon',30,NULL,'60','70',NULL,NULL,NULL,NULL,NULL,NULL),
('Cyberdramon',28,'400',NULL,'75',NULL,NULL,'75',NULL,NULL,NULL),
('Shakkoumon',30,NULL,NULL,NULL,'75','65',NULL,NULL,'100%','Digimon: Angemon, Ankylomon'),
('Cherrymon',28,'800',NULL,NULL,'70',NULL,NULL,NULL,NULL,NULL),
('Silphymon',30,NULL,NULL,'60',NULL,'75','75',NULL,'100%','Digimon: Gatomon, Aquilamon'),
('SuperStarmon',28,NULL,'70','70','80',NULL,NULL,NULL,NULL,NULL),
('SkullGreymon',28,NULL,NULL,'120','85',NULL,'70',NULL,NULL,NULL),
('SkullSatamon',28,NULL,NULL,'80',NULL,'70',NULL,NULL,NULL,NULL),
('Zudomon',30,'800',NULL,'75',NULL,NULL,NULL,NULL,'50%',NULL),
('SaviorHuckmon',30,NULL,NULL,'90',NULL,NULL,'80',NULL,NULL,NULL),
('Taomon',30,NULL,'60',NULL,NULL,'75','60',NULL,NULL,NULL),
('Dragomon',28,NULL,'70',NULL,NULL,'85',NULL,NULL,NULL,NULL),
('Chirinmon',30,NULL,'75',NULL,NULL,NULL,'100','10',NULL,NULL),
('Dinobeemon',30,'400',NULL,'90',NULL,NULL,'75',NULL,NULL,'Digimon: Stingmon, ExVeemon'),
('Digitamamon',30,'700',NULL,NULL,'75',NULL,NULL,NULL,NULL,NULL),
('SkullMeramon',28,'500',NULL,'95',NULL,NULL,NULL,NULL,NULL,NULL),
('Duramon',40,'800',NULL,'80','80',NULL,NULL,NULL,NULL,NULL),
('ShogunGekomon',26,'900',NULL,NULL,NULL,NULL,NULL,NULL,NULL,NULL),
('Triceramon',28,NULL,NULL,'75','75',NULL,NULL,NULL,NULL,NULL),
('DoruGreymon',30,'400',NULL,'95','75',NULL,NULL,NULL,NULL,NULL),
('Knightmon',30,NULL,NULL,'75','75',NULL,NULL,NULL,NULL,NULL),
('Datamon',28,NULL,'60',NULL,NULL,'85',NULL,NULL,NULL,NULL),
('Paildramon',30,NULL,NULL,'90','60',NULL,'75',NULL,'100%','Digimon: Stingmon, ExVeemon'),
('Panjyamon',28,'350',NULL,'75',NULL,NULL,'75',NULL,NULL,NULL),
('Pandamon',26,NULL,NULL,'65','65',NULL,NULL,NULL,NULL,NULL),
('Pumpkinmon',26,'850',NULL,'60',NULL,'60',NULL,NULL,NULL,NULL),
('Piximon',26,NULL,'75',NULL,NULL,'80','80',NULL,NULL,NULL),
('HippoGryphonmon',26,NULL,NULL,NULL,NULL,'65','65',NULL,NULL,NULL),
('Phantomon',28,NULL,'80',NULL,NULL,'80',NULL,NULL,NULL,NULL),
('BlackKingNumemon',32,NULL,NULL,NULL,NULL,NULL,NULL,NULL,NULL,NULL),
('BlueMeramon',28,'400',NULL,'80',NULL,'70',NULL,NULL,NULL,NULL),
('Vademon',26,NULL,'85',NULL,NULL,NULL,NULL,NULL,NULL,NULL),
('Whamon',28,'850',NULL,NULL,'75','75',NULL,NULL,NULL,NULL),
('MagnaAngemon',30,NULL,NULL,NULL,NULL,'80','80','10',NULL,NULL),
('Volcanomon',26,NULL,NULL,'80','75',NULL,NULL,NULL,NULL,NULL),
('Matadormon',28,NULL,NULL,'75',NULL,NULL,'80',NULL,NULL,NULL),
('MachGaogamon',26,NULL,NULL,'75',NULL,NULL,'80',NULL,NULL,NULL),
('Mamemon',26,NULL,NULL,'75','80',NULL,NULL,NULL,NULL,NULL),
('MegaSeadramon',30,'400','70',NULL,NULL,'70',NULL,NULL,NULL,NULL),
('Megadramon',26,'400',NULL,'95',NULL,NULL,'75',NULL,NULL,NULL),
('WarGrowlmon',30,NULL,NULL,'105',NULL,NULL,'75',NULL,NULL,NULL),
('MetalGreymon',30,'350',NULL,'100',NULL,NULL,NULL,NULL,'50%',NULL),
('MetalGreymon (Blue)',30,'450',NULL,'110',NULL,NULL,NULL,NULL,NULL,NULL),
('MetalTyrannomon',28,NULL,NULL,'75','95',NULL,NULL,NULL,NULL,NULL),
('MetalMamemon',26,NULL,NULL,NULL,'80','65',NULL,NULL,NULL,NULL),
('Monzaemon',26,'600',NULL,'60',NULL,NULL,NULL,NULL,NULL,NULL),
('Crowmon',30,NULL,'75',NULL,NULL,NULL,'90',NULL,NULL,NULL),
('RizeGreymon',30,'350',NULL,'100',NULL,NULL,'75',NULL,'50%',NULL),
('Lilamon',30,NULL,'75',NULL,NULL,'75',NULL,NULL,NULL,NULL),
('Rapidmon',28,NULL,NULL,'75',NULL,NULL,'75',NULL,'50%',NULL),
('Lillymon',30,NULL,NULL,NULL,NULL,'75','75',NULL,'50%',NULL),
('Lucemon FM',55,NULL,NULL,'180',NULL,'240','180','80',NULL,NULL),
('LadyDevimon',30,NULL,'75',NULL,NULL,'95',NULL,'10',NULL,NULL),
('WereGarurumon',28,NULL,NULL,'90',NULL,NULL,'85',NULL,'50%',NULL),
('WereGarurumon (Blk)',28,'400',NULL,'90',NULL,NULL,'70',NULL,NULL,NULL),
('Wisemon',28,NULL,'75',NULL,NULL,'100',NULL,NULL,NULL,NULL),
('Arcadiamon Mega',60,NULL,'130','200',NULL,NULL,'100','40',NULL,'Cleared "Hacker''s Memory"'),
('Alphamon',60,NULL,NULL,'150','170','135',NULL,'80',NULL,NULL),
('UlforceVeedramon',60,NULL,NULL,'120',NULL,NULL,'145','80',NULL,NULL),
('Ebemon',45,NULL,'120',NULL,NULL,'120',NULL,'20',NULL,NULL),
('Imperialdramon DM',55,'1600',NULL,NULL,'150',NULL,'150','20',NULL,NULL),
('Imperialdramon FM',0,NULL,NULL,NULL,NULL,NULL,NULL,NULL,NULL,'Mode Change'),
('Vikemon',50,'1700',NULL,'130','130','120',NULL,'20',NULL,NULL),
('Valkyrimon',50,NULL,NULL,'130',NULL,'130','160','20',NULL,NULL),
('Varodurumon',55,NULL,'120',NULL,NULL,'145','130','40',NULL,NULL),
('VenomMyotismon',55,'1200','110','110',NULL,'110',NULL,'40',NULL,NULL),
('WarGreymon',55,'1700',NULL,'160','130',NULL,NULL,'20','80%',NULL),
('Ophanimon',55,NULL,'120',NULL,'120','145',NULL,'40',NULL,NULL),
('Gaiomon',50,NULL,NULL,'120','100',NULL,'100','20',NULL,NULL),
('KaiserGreymon',55,'1500',NULL,'150','120',NULL,NULL,'20','80%',NULL),
('ChaosGallantmon',60,NULL,NULL,'130','130','130',NULL,'40',NULL,NULL),
('Chaosdramon',50,'1500',NULL,'130','120',NULL,NULL,'20',NULL,NULL),
('Gankoomon',60,'1700',NULL,'145','120',NULL,NULL,'80',NULL,NULL),
('KingEtemon',45,NULL,NULL,'110','130',NULL,'100','20',NULL,NULL),
('Kuzuhamon',55,NULL,'120',NULL,NULL,'135','120','20',NULL,NULL),
('GranKuwagamon',45,'1500',NULL,'120','120',NULL,NULL,'20',NULL,NULL),
('GranDracmon',50,'1300',NULL,'110',NULL,'110',NULL,'40',NULL,NULL),
('GroundLocomon',50,NULL,NULL,NULL,'160',NULL,'120','20',NULL,NULL),
('Gryphonmon',50,NULL,'110',NULL,NULL,'140',NULL,'20',NULL,NULL),
('Craniamon',60,NULL,'110',NULL,'180','140',NULL,'80',NULL,NULL),
('Kerpymon (Blk)',55,'1100','100',NULL,NULL,'100',NULL,'40',NULL,NULL),
('Kerpymon (Good)',55,NULL,'120',NULL,NULL,'145','100','40',NULL,NULL),
('Goldramon',55,NULL,NULL,'130','120','120',NULL,'40',NULL,NULL),
('SaberLeomon',50,NULL,NULL,'145',NULL,NULL,'120','20',NULL,NULL),
('Sakuyamon',55,NULL,'120',NULL,NULL,'120','120','20',NULL,NULL),
('Jesmon',60,NULL,NULL,'180',NULL,NULL,'180','80','80%',NULL),
('ShineGreymon',55,NULL,NULL,'140',NULL,NULL,'130','20','80%',NULL),
('ShineGreymon BM',60,'2000',NULL,'250',NULL,NULL,NULL,'30','100%',NULL),
('Justimon',50,'1000',NULL,'130','110',NULL,NULL,'20','80%',NULL),
('Kentaurosmon',60,NULL,NULL,NULL,'140','120','150','80',NULL,NULL),
('Slayerdramon',55,'1300',NULL,'130',NULL,NULL,'130','20',NULL,NULL),
('Seraphimon',55,NULL,'130',NULL,'130','150',NULL,'40','50%',NULL),
('MegaGargomon',50,NULL,NULL,NULL,'130',NULL,'130','20',NULL,NULL),
('Darkdramon',50,NULL,NULL,'150','140',NULL,NULL,'20',NULL,NULL),
('TigerVespamon',50,'1000',NULL,'120',NULL,NULL,'130','20',NULL,NULL),
('Titamon',55,'1400',NULL,'150',NULL,'120',NULL,'20',NULL,NULL),
('TyrantKabuterimon',55,'1600',NULL,'140','130',NULL,NULL,'40',NULL,NULL),
('Dianamon',55,NULL,NULL,NULL,'120','130','130','20',NULL,NULL),
('Diaboromon',55,'1100',NULL,'180',NULL,NULL,'130','20',NULL,NULL),
('Creepymon',60,'1600',NULL,'230',NULL,'160',NULL,'80',NULL,NULL),
('Gallantmon',60,NULL,NULL,'140','140','140',NULL,'80','50%',NULL),
('Dynasmon',60,'1200',NULL,'140','120',NULL,'130','80',NULL,NULL),
('Durandamon',60,'1500',NULL,'140','120',NULL,NULL,'20',NULL,NULL),
('Leopardmon',60,NULL,'100',NULL,NULL,'120','140','80',NULL,NULL),
('Leopardmon LM',0,NULL,NULL,NULL,NULL,NULL,NULL,NULL,NULL,'Mode Change'),
('Dorugoramon',50,'1600',NULL,'160',NULL,NULL,NULL,'20',NULL,NULL),
('Neptunemon',55,'1000','100',NULL,NULL,'130',NULL,'20',NULL,NULL),
('HiAndromon',55,NULL,NULL,'100','130','100',NULL,'20',NULL,NULL),
('PileVolcamon',50,NULL,NULL,'120','135',NULL,NULL,'20',NULL,NULL),
('Barbamon',60,NULL,'160',NULL,'120','200',NULL,'80',NULL,NULL),
('BanchoLeomon',55,NULL,NULL,'120','130',NULL,NULL,'20',NULL,NULL),
('Piedmon',50,NULL,NULL,'130',NULL,'160','110','20',NULL,NULL),
('Puppetmon',50,NULL,NULL,'130','130','130',NULL,'20',NULL,NULL),
('PlatinumNumemon',65,NULL,NULL,NULL,NULL,NULL,NULL,'10',NULL,NULL),
('BlackWarGreymon',55,'1800',NULL,'140','140',NULL,NULL,'20',NULL,NULL),
('PrinceMamemon',45,NULL,NULL,NULL,'150',NULL,NULL,'20',NULL,NULL),
('Breakdramon',55,'1500',NULL,'160','140',NULL,NULL,'20',NULL,NULL),
('Plesiomon',50,NULL,'100',NULL,'120','145',NULL,'20',NULL,NULL),
('HerculesKabuterimon',50,'1100',NULL,NULL,'150','120',NULL,'20',NULL,NULL),
('Beelzemon',60,'2000',NULL,'250',NULL,NULL,'150','80',NULL,NULL),
('Beelzemon BM',80,'2100',NULL,'300',NULL,NULL,'220','100','100%',NULL),
('Belphemon SM',60,'1700','140',NULL,NULL,'180',NULL,'80',NULL,NULL),
('Hououmon',50,NULL,NULL,NULL,NULL,'130','150','20',NULL,NULL),
('Magnadramon',55,'900','120',NULL,NULL,'145',NULL,'20',NULL,NULL),
('Boltmon',50,NULL,NULL,'145','100',NULL,NULL,'20',NULL,NULL),
('MagnaGarurumon',50,NULL,NULL,'130',NULL,NULL,'160','20','80%',NULL),
('MagnaGarurumon (SV)',0,NULL,NULL,NULL,NULL,NULL,NULL,NULL,NULL,'Mode Change'),
('Mastemon',60,NULL,'120','120',NULL,'120',NULL,'80','100%','Digimon: LadyDevimon, Angewomon'),
('MarineAngemon',50,NULL,'110',NULL,NULL,'135',NULL,'20','50%',NULL),
('Minervamon',55,NULL,NULL,'150',NULL,NULL,'140','20',NULL,NULL),
('MirageGaogamon',55,NULL,NULL,'120',NULL,NULL,'130','20',NULL,NULL),
('MirageGaogamon BM',60,NULL,NULL,'200',NULL,NULL,'200','30','100%',NULL),
('Machinedramon',50,'1300',NULL,'130','130',NULL,NULL,'20',NULL,NULL),
('Megidramon',55,'1700',NULL,'180',NULL,NULL,NULL,'40',NULL,NULL),
('MetalEtemon',45,NULL,'100','120','140',NULL,NULL,'20',NULL,NULL),
('MetalGarurumon',55,NULL,NULL,'130','120',NULL,'150','20','80%',NULL),
('MetalGarurumon (Blk)',55,NULL,NULL,NULL,'135',NULL,'125','20',NULL,NULL),
('MetalSeadramon',50,NULL,'120',NULL,'120','120',NULL,'20',NULL,NULL),
('Merukimon',55,NULL,NULL,'130',NULL,'110','160','20',NULL,NULL),
('RustTyranomon',55,'1300',NULL,'180','150',NULL,NULL,'20',NULL,NULL),
('Leviamon',60,'2000','140','140','140','140',NULL,'80',NULL,NULL),
('Lilithmon',60,NULL,'200',NULL,NULL,'250','130','80',NULL,NULL),
('Ravemon',55,NULL,NULL,'130',NULL,NULL,'160','20',NULL,NULL),
('Ravemon BM',60,NULL,'160',NULL,NULL,NULL,'250','30','100%',NULL),
('Crusadermon',60,NULL,NULL,'120',NULL,'135','150','80','50%',NULL),
('Rosemon',55,NULL,'120',NULL,NULL,'120',NULL,'20',NULL,NULL),
('Rosemon BM',60,NULL,'170',NULL,NULL,'180',NULL,'30','100%',NULL),
('Lotosmon',55,NULL,NULL,NULL,NULL,'170','130','20',NULL,NULL),
('Armageddemon',70,'2000','140','290',NULL,NULL,NULL,'100',NULL,NULL),
('Arcadiamon Ultra',70,NULL,'150','250',NULL,'150','160','60',NULL,'Cleared "Hacker''s Memory"'),
('Alphamon Ouryuken',60,NULL,NULL,'180','170','150',NULL,'80','100%','Digimon: Ouryumon, Alphamon'),
('Imperialdramon PM',70,NULL,NULL,'160','160','160','160','100',NULL,NULL),
('Examon',60,'1650',NULL,'150',NULL,NULL,'150','100','100%','Digimon: Slayerdramon, Breakdramon'),
('Omnimon',60,NULL,NULL,'200',NULL,'150','150','40','100%','Digimon: WarGreymon, MetalGarurumon'),
('Omnimon Zwart',60,'1500',NULL,'150','200',NULL,NULL,'40','100%','Digimon: BlackWarGreymon, MetalGarurumon (Blk)'),
('Chaosmon',60,NULL,NULL,'255',NULL,NULL,NULL,'40','100%','Digimon: Darkdramon, BanchoLeomon'),
('Chaosmon VA',60,NULL,NULL,'155',NULL,'100',NULL,'40','100%','Digimon: BanchoLeomon, Varodurumon'),
('Susanomon',60,'1000',NULL,'150',NULL,'150',NULL,'100','100%','Digimon: KaiserGreymon, MagnaGarurumon'),
('Gallantmon CM',80,NULL,NULL,'185','185','185',NULL,'80','100%',NULL),
('Belphemon RM',0,NULL,NULL,NULL,NULL,NULL,NULL,NULL,NULL,'Mode Change'),
('Lucemon SM',70,'1400','160','130',NULL,'250','170','100',NULL,NULL),
('Flamedramon',14,NULL,NULL,'40',NULL,NULL,'40',NULL,'25%','Item: Digi-Egg of Courage'),
('Magnamon',60,NULL,NULL,'120','145',NULL,NULL,'80','50%','Item: Digi-Egg of Miracles'),
('Rapidmon (Armor)',50,NULL,NULL,'100','120','120',NULL,'40','50%','Item: Digi-Egg of Destiny'),
('Shoutmon',8,NULL,NULL,'30',NULL,NULL,'20',NULL,'10%',NULL),
('OmniShoutmon',60,NULL,NULL,'130','130',NULL,'120','80',NULL,NULL),
('Ryudamon',8,NULL,NULL,'30','30',NULL,NULL,NULL,NULL,NULL),
('Ginryumon',14,NULL,NULL,'40','40',NULL,NULL,NULL,NULL,NULL),
('Hisyaryumon',30,'400',NULL,'95','75',NULL,NULL,NULL,NULL,NULL),
('Ouryumon',50,'1300',NULL,'180',NULL,NULL,NULL,'20',NULL,NULL),
('Apocalymon',99,NULL,NULL,NULL,NULL,NULL,NULL,'120',NULL,NULL),
('Sistermon Blanc',7,NULL,NULL,NULL,NULL,'30','20',NULL,'50%',NULL),
('Sistermon B (Awake.)',60,'1150','130',NULL,NULL,'150',NULL,'50',NULL,NULL),
('Sistermon Ciel',14,NULL,'40',NULL,NULL,NULL,'50',NULL,'10%',NULL),
('Sistermon C (Awake.)',60,'1150',NULL,'130',NULL,NULL,'150','50',NULL,NULL),
('Alphamon NX',0,NULL,NULL,NULL,NULL,NULL,NULL,NULL,NULL,'Cannot digivolve'),
('Crusadermon NX',0,NULL,NULL,NULL,NULL,NULL,NULL,NULL,NULL,'Cannot digivolve'),
('Leopardmon NX',0,NULL,NULL,NULL,NULL,NULL,NULL,NULL,NULL,'Cannot digivolve'),
('Omnimon NX',0,NULL,NULL,NULL,NULL,NULL,NULL,NULL,NULL,'Cannot digivolve'),
('Gallantmon NX',0,NULL,NULL,NULL,NULL,NULL,NULL,NULL,NULL,'Cannot digivolve');
